liver.Het.1292286	liver.Het.1292286	5144548	mouse	liver	Dchs1.Het	total RNA	single	Illumina HiSeq 2500	Dchs1_counts.txt	Dchs1_TPM.txt	1292286_1_1_200821_D00362_0479_ACE867ANXX_L4.fq.gz
liver.Het.1292287	liver.Het.1292287	5144533	mouse	liver	Dchs1.Het	total RNA	single	Illumina HiSeq 2500	Dchs1_counts.txt	Dchs1_TPM.txt	1292287_1_1_200821_D00362_0479_ACE867ANXX_L5.fq.gz
liver.Het.1292288	liver.Het.1292288	5144537	mouse	liver	Dchs1.Het	total RNA	single	Illumina HiSeq 2500	Dchs1_counts.txt	Dchs1_TPM.txt	1292288_1_1_200821_D00362_0479_ACE867ANXX_L6.fq.gz
liver.WT.1292289	liver.WT.1292289	5144554	mouse	liver	Dchs1.WT	total RNA	single	Illumina HiSeq 2500	Dchs1_counts.txt	Dchs1_TPM.txt	1292289_1_1_200821_D00362_0479_ACE867ANXX_L7.fq.gz
liver.WT.1292290	liver.WT.1292290	5144518	mouse	liver	Dchs1.WT	total RNA	single	Illumina HiSeq 2500	Dchs1_counts.txt	Dchs1_TPM.txt	1292290_1_1_200821_D00362_0479_ACE867ANXX_L8.fq.gz
liver.Het.1292291	liver.Het.1292291	5144551	mouse	liver	Dchs1.Het	total RNA	single	Illumina HiSeq 2500	Dchs1_counts.txt	Dchs1_TPM.txt	1292291_1_1_200821_D00362_0479_ACE867ANXX_L4.fq.gz
liver.WT.1292292	liver.WT.1292292	5144546	mouse	liver	Dchs1.WT	total RNA	single	Illumina HiSeq 2500	Dchs1_counts.txt	Dchs1_TPM.txt	1292292_1_1_200821_D00362_0479_ACE867ANXX_L5.fq.gz
liver.WT.1292294	liver.WT.1292294	5144540	mouse	liver	Dchs1.WT	total RNA	single	Illumina HiSeq 2500	Dchs1_counts.txt	Dchs1_TPM.txt	1292294_1_1_200821_D00362_0479_ACE867ANXX_L6.fq.gz
liver.WT.1292295	liver.WT.1292295	5144526	mouse	liver	Dchs1.WT	total RNA	single	Illumina HiSeq 2500	Dchs1_counts.txt	Dchs1_TPM.txt	1292295_1_1_200821_D00362_0479_ACE867ANXX_L7.fq.gz
liver.Het.1292296	liver.Het.1292296	5144520	mouse	liver	Dchs1.Het	total RNA	single	Illumina HiSeq 2500	Dchs1_counts.txt	Dchs1_TPM.txt	1292296_1_1_200821_D00362_0479_ACE867ANXX_L8.fq.gz
liver.WT.1292297	liver.WT.1292297	5144538	mouse	liver	Dchs1.WT	total RNA	single	Illumina HiSeq 2500	Dchs1_counts.txt	Dchs1_TPM.txt	1292297_1_1_200821_D00362_0479_ACE867ANXX_L4.fq.gz
liver.WT.1292298	liver.WT.1292298	5153268	mouse	liver	Dchs1.WT	total RNA	single	Illumina HiSeq 2500	Dchs1_counts.txt	Dchs1_TPM.txt	1292298_1_1_200821_D00362_0479_ACE867ANXX_L5.fq.gz
liver.Het.1292299	liver.Het.1292299	5144517	mouse	liver	Dchs1.Het	total RNA	single	Illumina HiSeq 2500	Dchs1_counts.txt	Dchs1_TPM.txt	1292299_1_1_200821_D00362_0479_ACE867ANXX_L6.fq.gz
liver.WT.1292300	liver.WT.1292300	5153283	mouse	liver	Dchs1.WT	total RNA	single	Illumina HiSeq 2500	Dchs1_counts.txt	Dchs1_TPM.txt	1292300_1_1_200821_D00362_0479_ACE867ANXX_L7.fq.gz
liver.Het.1292301	liver.Het.1292301	5144565	mouse	liver	Dchs1.Het	total RNA	single	Illumina HiSeq 2500	Dchs1_counts.txt	Dchs1_TPM.txt	1292301_1_1_200821_D00362_0479_ACE867ANXX_L8.fq.gz
liver.WT.1292302	liver.WT.1292302	5153247	mouse	liver	Dchs1.WT	total RNA	single	Illumina HiSeq 2500	Dchs1_counts.txt	Dchs1_TPM.txt	1292302_1_1_200821_D00362_0479_ACE867ANXX_L4.fq.gz
liver.Het.1292303	liver.Het.1292303	5153264	mouse	liver	Dchs1.Het	total RNA	single	Illumina HiSeq 2500	Dchs1_counts.txt	Dchs1_TPM.txt	1292303_1_1_200821_D00362_0479_ACE867ANXX_L5.fq.gz
liver.Het.1292304	liver.Het.1292304	5153266	mouse	liver	Dchs1.Het	total RNA	single	Illumina HiSeq 2500	Dchs1_counts.txt	Dchs1_TPM.txt	1292304_1_1_200821_D00362_0479_ACE867ANXX_L6.fq.gz
liver.WT.1292305	liver.WT.1292305	5144535	mouse	liver	Dchs1.WT	total RNA	single	Illumina HiSeq 2500	Dchs1_counts.txt	Dchs1_TPM.txt	1292305_1_1_200821_D00362_0479_ACE867ANXX_L7.fq.gz
liver.WT.1292306	liver.WT.1292306	5153244	mouse	liver	Dchs1.WT	total RNA	single	Illumina HiSeq 2500	Dchs1_counts.txt	Dchs1_TPM.txt	1292306_1_1_200821_D00362_0479_ACE867ANXX_L8.fq.gz
liver.WT.1292307	liver.WT.1292307	5153246	mouse	liver	Dchs1.WT	total RNA	single	Illumina HiSeq 2500	Dchs1_counts.txt	Dchs1_TPM.txt	1292307_1_1_200821_D00362_0479_ACE867ANXX_L4.fq.gz
liver.Het.1292308	liver.Het.1292308	5153249	mouse	liver	Dchs1.Het	total RNA	single	Illumina HiSeq 2500	Dchs1_counts.txt	Dchs1_TPM.txt	1292308_1_1_200821_D00362_0479_ACE867ANXX_L5.fq.gz
liver.WT.1292309	liver.WT.1292309	5153257	mouse	liver	Dchs1.WT	total RNA	single	Illumina HiSeq 2500	Dchs1_counts.txt	Dchs1_TPM.txt	1292309_1_1_200821_D00362_0479_ACE867ANXX_L6.fq.gz
liver.Het.1292310	liver.Het.1292310	5153267	mouse	liver	Dchs1.Het	total RNA	single	Illumina HiSeq 2500	Dchs1_counts.txt	Dchs1_TPM.txt	1292310_1_1_200821_D00362_0479_ACE867ANXX_L7.fq.gz
liver.Het.1292311	liver.Het.1292311	5153281	mouse	liver	Dchs1.Het	total RNA	single	Illumina HiSeq 2500	Dchs1_counts.txt	Dchs1_TPM.txt	1292311_1_1_200821_D00362_0479_ACE867ANXX_L8.fq.gz
liver.Het.1292312	liver.Het.1292312	5153258	mouse	liver	Dchs1.Het	total RNA	single	Illumina HiSeq 2500	Dchs1_counts.txt	Dchs1_TPM.txt	1292312_1_1_200821_D00362_0479_ACE867ANXX_L4.fq.gz
liver.Het.1292313	liver.Het.1292313	5153269	mouse	liver	Dchs1.Het	total RNA	single	Illumina HiSeq 2500	Dchs1_counts.txt	Dchs1_TPM.txt	1292313_1_1_200821_D00362_0479_ACE867ANXX_L5.fq.gz
liver.Het.1292314	liver.Het.1292314	5153277	mouse	liver	Dchs1.Het	total RNA	single	Illumina HiSeq 2500	Dchs1_counts.txt	Dchs1_TPM.txt	1292314_1_1_200821_D00362_0479_ACE867ANXX_L6.fq.gz
liver.WT.1292315	liver.WT.1292315	5153273	mouse	liver	Dchs1.WT	total RNA	single	Illumina HiSeq 2500	Dchs1_counts.txt	Dchs1_TPM.txt	1292315_1_1_200821_D00362_0479_ACE867ANXX_L7.fq.gz
liver.WT.1292316	liver.WT.1292316	5144527	mouse	liver	Dchs1.WT	total RNA	single	Illumina HiSeq 2500	Dchs1_counts.txt	Dchs1_TPM.txt	1292316_1_1_200821_D00362_0479_ACE867ANXX_L8.fq.gz
liver.Het.1292317	liver.Het.1292317	5144525	mouse	liver	Dchs1.Het	total RNA	single	Illumina HiSeq 2500	Dchs1_counts.txt	Dchs1_TPM.txt	1292317_1_1_200821_D00362_0479_ACE867ANXX_L4.fq.gz
liver.WT.1292318	liver.WT.1292318	5153279	mouse	liver	Dchs1.WT	total RNA	single	Illumina HiSeq 2500	Dchs1_counts.txt	Dchs1_TPM.txt	1292318_1_1_200821_D00362_0479_ACE867ANXX_L5.fq.gz
liver.Het.1292319	liver.Het.1292319	5153280	mouse	liver	Dchs1.Het	total RNA	single	Illumina HiSeq 2500	Dchs1_counts.txt	Dchs1_TPM.txt	1292319_1_1_200821_D00362_0479_ACE867ANXX_L6.fq.gz
liver.Het.1292320	liver.Het.1292320	5144539	mouse	liver	Dchs1.Het	total RNA	single	Illumina HiSeq 2500	Dchs1_counts.txt	Dchs1_TPM.txt	1292320_1_1_200821_D00362_0479_ACE867ANXX_L7.fq.gz
liver.Het.1292321	liver.Het.1292321	5144519	mouse	liver	Dchs1.Het	total RNA	single	Illumina HiSeq 2500	Dchs1_counts.txt	Dchs1_TPM.txt	1292321_1_1_200821_D00362_0479_ACE867ANXX_L8.fq.gz
liver.Het.1292322	liver.Het.1292322	5144536	mouse	liver	Dchs1.Het	total RNA	single	Illumina HiSeq 2500	Dchs1_counts.txt	Dchs1_TPM.txt	1292322_1_1_200821_D00362_0479_ACE867ANXX_L4.fq.gz
liver.Het.1292323	liver.Het.1292323	5153282	mouse	liver	Dchs1.Het	total RNA	single	Illumina HiSeq 2500	Dchs1_counts.txt	Dchs1_TPM.txt	1292323_1_1_200821_D00362_0479_ACE867ANXX_L5.fq.gz
liver.WT.1292324	liver.WT.1292324	5153274	mouse	liver	Dchs1.WT	total RNA	single	Illumina HiSeq 2500	Dchs1_counts.txt	Dchs1_TPM.txt	1292324_1_1_200821_D00362_0479_ACE867ANXX_L6.fq.gz
liver.WT.1292325	liver.WT.1292325	5144564	mouse	liver	Dchs1.WT	total RNA	single	Illumina HiSeq 2500	Dchs1_counts.txt	Dchs1_TPM.txt	1292325_1_1_200821_D00362_0479_ACE867ANXX_L7.fq.gz
liver.WT.1292326	liver.WT.1292326	5153245	mouse	liver	Dchs1.WT	total RNA	single	Illumina HiSeq 2500	Dchs1_counts.txt	Dchs1_TPM.txt	1292326_1_1_200821_D00362_0479_ACE867ANXX_L8.fq.gz
liver.Het.1292327	liver.Het.1292327	5153243	mouse	liver	Dchs1.Het	total RNA	single	Illumina HiSeq 2500	Dchs1_counts.txt	Dchs1_TPM.txt	1292327_1_1_200821_D00362_0479_ACE867ANXX_L4.fq.gz
liver.WT.1292328	liver.WT.1292328	5153256	mouse	liver	Dchs1.WT	total RNA	single	Illumina HiSeq 2500	Dchs1_counts.txt	Dchs1_TPM.txt	1292328_1_1_200821_D00362_0479_ACE867ANXX_L5.fq.gz
liver.WT.1292329	liver.WT.1292329	5153248	mouse	liver	Dchs1.WT	total RNA	single	Illumina HiSeq 2500	Dchs1_counts.txt	Dchs1_TPM.txt	1292329_1_1_200821_D00362_0479_ACE867ANXX_L6.fq.gz
liver.Het.1292330	liver.Het.1292330	5153278	mouse	liver	Dchs1.Het	total RNA	single	Illumina HiSeq 2500	Dchs1_counts.txt	Dchs1_TPM.txt	1292330_1_1_200821_D00362_0479_ACE867ANXX_L7.fq.gz
liver.WT.1292331	liver.WT.1292331	5144566	mouse	liver	Dchs1.WT	total RNA	single	Illumina HiSeq 2500	Dchs1_counts.txt	Dchs1_TPM.txt	1292331_1_1_200821_D00362_0479_ACE867ANXX_L8.fq.gz
liver.Het.1292332	liver.Het.1292332	5144534	mouse	liver	Dchs1.Het	total RNA	single	Illumina HiSeq 2500	Dchs1_counts.txt	Dchs1_TPM.txt	1292332_1_1_200821_D00362_0479_ACE867ANXX_L4.fq.gz
liver.WT.1292333	liver.WT.1292333	5153265	mouse	liver	Dchs1.WT	total RNA	single	Illumina HiSeq 2500	Dchs1_counts.txt	Dchs1_TPM.txt	1292333_1_1_200821_D00362_0479_ACE867ANXX_L5.fq.gz
kidney.WT.1292334	kidney.WT.1292334	5144518	mouse	kidney	Dchs1.WT	total RNA	single	Illumina HiSeq 2500	Dchs1_counts.txt	Dchs1_TPM.txt	1292334_1_1_200814_D00376_0520_ACEAK5ANXX_L3.fq.gz
kidney.Het.1292335	kidney.Het.1292335	5144533	mouse	kidney	Dchs1.Het	total RNA	single	Illumina HiSeq 2500	Dchs1_counts.txt	Dchs1_TPM.txt	1292335_1_1_200814_D00376_0520_ACEAK5ANXX_L4.fq.gz
kidney.WT.1292336	kidney.WT.1292336	5153246	mouse	kidney	Dchs1.WT	total RNA	single	Illumina HiSeq 2500	Dchs1_counts.txt	Dchs1_TPM.txt	1292336_1_1_200814_D00376_0520_ACEAK5ANXX_L5.fq.gz
kidney.Het.1292337	kidney.Het.1292337	5144551	mouse	kidney	Dchs1.Het	total RNA	single	Illumina HiSeq 2500	Dchs1_counts.txt	Dchs1_TPM.txt	1292337_1_1_200814_D00376_0520_ACEAK5ANXX_L6.fq.gz
kidney.WT.1292338	kidney.WT.1292338	5144546	mouse	kidney	Dchs1.WT	total RNA	single	Illumina HiSeq 2500	Dchs1_counts.txt	Dchs1_TPM.txt	1292338_1_1_200814_D00376_0520_ACEAK5ANXX_L7.fq.gz
kidney.WT.1292339	kidney.WT.1292339	5144538	mouse	kidney	Dchs1.WT	total RNA	single	Illumina HiSeq 2500	Dchs1_counts.txt	Dchs1_TPM.txt	1292339_1_1_200814_D00376_0520_ACEAK5ANXX_L8.fq.gz
kidney.WT.1292340	kidney.WT.1292340	5144526	mouse	kidney	Dchs1.WT	total RNA	single	Illumina HiSeq 2500	Dchs1_counts.txt	Dchs1_TPM.txt	1292340_1_1_200814_D00376_0520_ACEAK5ANXX_L3.fq.gz
kidney.Het.1292341	kidney.Het.1292341	5144548	mouse	kidney	Dchs1.Het	total RNA	single	Illumina HiSeq 2500	Dchs1_counts.txt	Dchs1_TPM.txt	1292341_1_1_200814_D00376_0520_ACEAK5ANXX_L4.fq.gz
kidney.Het.1292342	kidney.Het.1292342	5144552	mouse	kidney	Dchs1.Het	total RNA	single	Illumina HiSeq 2500	Dchs1_counts.txt	Dchs1_TPM.txt	1292342_1_1_200814_D00376_0520_ACEAK5ANXX_L5.fq.gz
kidney.Het.1292343	kidney.Het.1292343	5144520	mouse	kidney	Dchs1.Het	total RNA	single	Illumina HiSeq 2500	Dchs1_counts.txt	Dchs1_TPM.txt	1292343_1_1_200814_D00376_0520_ACEAK5ANXX_L6.fq.gz
kidney.WT.1292344	kidney.WT.1292344	5144540	mouse	kidney	Dchs1.WT	total RNA	single	Illumina HiSeq 2500	Dchs1_counts.txt	Dchs1_TPM.txt	1292344_1_1_200814_D00376_0520_ACEAK5ANXX_L7.fq.gz
kidney.WT.1292345	kidney.WT.1292345	5144554	mouse	kidney	Dchs1.WT	total RNA	single	Illumina HiSeq 2500	Dchs1_counts.txt	Dchs1_TPM.txt	1292345_1_1_200814_D00376_0520_ACEAK5ANXX_L8.fq.gz
kidney.WT.1292346	kidney.WT.1292346	5144535	mouse	kidney	Dchs1.WT	total RNA	single	Illumina HiSeq 2500	Dchs1_counts.txt	Dchs1_TPM.txt	1292346_1_1_200814_D00376_0520_ACEAK5ANXX_L3.fq.gz
kidney.Het.1292347	kidney.Het.1292347	5144539	mouse	kidney	Dchs1.Het	total RNA	single	Illumina HiSeq 2500	Dchs1_counts.txt	Dchs1_TPM.txt	1292347_1_1_200814_D00376_0520_ACEAK5ANXX_L4.fq.gz
kidney.WT.1292348	kidney.WT.1292348	5144527	mouse	kidney	Dchs1.WT	total RNA	single	Illumina HiSeq 2500	Dchs1_counts.txt	Dchs1_TPM.txt	1292348_1_1_200814_D00376_0520_ACEAK5ANXX_L5.fq.gz
kidney.WT.1292349	kidney.WT.1292349	5153244	mouse	kidney	Dchs1.WT	total RNA	single	Illumina HiSeq 2500	Dchs1_counts.txt	Dchs1_TPM.txt	1292349_1_1_200814_D00376_0520_ACEAK5ANXX_L6.fq.gz
kidney.Het.1292350	kidney.Het.1292350	5153249	mouse	kidney	Dchs1.Het	total RNA	single	Illumina HiSeq 2500	Dchs1_counts.txt	Dchs1_TPM.txt	1292350_1_1_200814_D00376_0520_ACEAK5ANXX_L7.fq.gz
kidney.WT.1292351	kidney.WT.1292351	5153257	mouse	kidney	Dchs1.WT	total RNA	single	Illumina HiSeq 2500	Dchs1_counts.txt	Dchs1_TPM.txt	1292351_1_1_200814_D00376_0520_ACEAK5ANXX_L8.fq.gz
kidney.WT.1292352	kidney.WT.1292352	5153268	mouse	kidney	Dchs1.WT	total RNA	single	Illumina HiSeq 2500	Dchs1_counts.txt	Dchs1_TPM.txt	1292352_1_1_200814_D00376_0520_ACEAK5ANXX_L3.fq.gz
kidney.Het.1292353	kidney.Het.1292353	5144537	mouse	kidney	Dchs1.Het	total RNA	single	Illumina HiSeq 2500	Dchs1_counts.txt	Dchs1_TPM.txt	1292353_1_1_200814_D00376_0520_ACEAK5ANXX_L4.fq.gz
kidney.Het.1292354	kidney.Het.1292354	5144565	mouse	kidney	Dchs1.Het	total RNA	single	Illumina HiSeq 2500	Dchs1_counts.txt	Dchs1_TPM.txt	1292354_1_1_200814_D00376_0520_ACEAK5ANXX_L5.fq.gz
kidney.Het.1292355	kidney.Het.1292355	5153266	mouse	kidney	Dchs1.Het	total RNA	single	Illumina HiSeq 2500	Dchs1_counts.txt	Dchs1_TPM.txt	1292355_1_1_200814_D00376_0520_ACEAK5ANXX_L6.fq.gz
kidney.WT.1292356	kidney.WT.1292356	5153247	mouse	kidney	Dchs1.WT	total RNA	single	Illumina HiSeq 2500	Dchs1_counts.txt	Dchs1_TPM.txt	1292356_1_1_200814_D00376_0520_ACEAK5ANXX_L7.fq.gz
kidney.Het.1292357	kidney.Het.1292357	5153264	mouse	kidney	Dchs1.Het	total RNA	single	Illumina HiSeq 2500	Dchs1_counts.txt	Dchs1_TPM.txt	1292357_1_1_200814_D00376_0520_ACEAK5ANXX_L8.fq.gz
kidney.Het.1292358	kidney.Het.1292358	5153267	mouse	kidney	Dchs1.Het	total RNA	single	Illumina HiSeq 2500	Dchs1_counts.txt	Dchs1_TPM.txt	1292358_1_1_200814_D00376_0520_ACEAK5ANXX_L3.fq.gz
kidney.WT.1292359	kidney.WT.1292359	5153265	mouse	kidney	Dchs1.WT	total RNA	single	Illumina HiSeq 2500	Dchs1_counts.txt	Dchs1_TPM.txt	1292359_1_1_200814_D00376_0520_ACEAK5ANXX_L4.fq.gz
kidney.Het.1292360	kidney.Het.1292360	5153281	mouse	kidney	Dchs1.Het	total RNA	single	Illumina HiSeq 2500	Dchs1_counts.txt	Dchs1_TPM.txt	1292360_1_1_200814_D00376_0520_ACEAK5ANXX_L5.fq.gz
kidney.Het.1292361	kidney.Het.1292361	5153277	mouse	kidney	Dchs1.Het	total RNA	single	Illumina HiSeq 2500	Dchs1_counts.txt	Dchs1_TPM.txt	1292361_1_1_200814_D00376_0520_ACEAK5ANXX_L6.fq.gz
kidney.WT.1292362	kidney.WT.1292362	5153273	mouse	kidney	Dchs1.WT	total RNA	single	Illumina HiSeq 2500	Dchs1_counts.txt	Dchs1_TPM.txt	1292362_1_1_200814_D00376_0520_ACEAK5ANXX_L7.fq.gz
kidney.Het.1292363	kidney.Het.1292363	5153280	mouse	kidney	Dchs1.Het	total RNA	single	Illumina HiSeq 2500	Dchs1_counts.txt	Dchs1_TPM.txt	1292363_1_1_200814_D00376_0520_ACEAK5ANXX_L3.fq.gz
kidney.Het.1292364	kidney.Het.1292364	5144525	mouse	kidney	Dchs1.Het	total RNA	single	Illumina HiSeq 2500	Dchs1_counts.txt	Dchs1_TPM.txt	1292364_1_1_200814_D00376_0520_ACEAK5ANXX_L4.fq.gz
kidney.Het.1292365	kidney.Het.1292365	5153269	mouse	kidney	Dchs1.Het	total RNA	single	Illumina HiSeq 2500	Dchs1_counts.txt	Dchs1_TPM.txt	1292365_1_1_200814_D00376_0520_ACEAK5ANXX_L5.fq.gz
kidney.WT.1292366	kidney.WT.1292366	5153279	mouse	kidney	Dchs1.WT	total RNA	single	Illumina HiSeq 2500	Dchs1_counts.txt	Dchs1_TPM.txt	1292366_1_1_200814_D00376_0520_ACEAK5ANXX_L6.fq.gz
kidney.Het.1292367	kidney.Het.1292367	5144517	mouse	kidney	Dchs1.Het	total RNA	single	Illumina HiSeq 2500	Dchs1_counts.txt	Dchs1_TPM.txt	1292367_1_1_200814_D00376_0520_ACEAK5ANXX_L7.fq.gz
kidney.Het.1292368	kidney.Het.1292368	5144519	mouse	kidney	Dchs1.Het	total RNA	single	Illumina HiSeq 2500	Dchs1_counts.txt	Dchs1_TPM.txt	1292368_1_1_200814_D00376_0520_ACEAK5ANXX_L8.fq.gz
kidney.WT.1292369	kidney.WT.1292369	5153283	mouse	kidney	Dchs1.WT	total RNA	single	Illumina HiSeq 2500	Dchs1_counts.txt	Dchs1_TPM.txt	1292369_1_1_200814_D00376_0520_ACEAK5ANXX_L3.fq.gz
kidney.WT.1292370	kidney.WT.1292370	5153274	mouse	kidney	Dchs1.WT	total RNA	single	Illumina HiSeq 2500	Dchs1_counts.txt	Dchs1_TPM.txt	1292370_1_1_200814_D00376_0520_ACEAK5ANXX_L8.fq.gz
kidney.WT.1292371	kidney.WT.1292371	5153248	mouse	kidney	Dchs1.WT	total RNA	single	Illumina HiSeq 2500	Dchs1_counts.txt	Dchs1_TPM.txt	1292371_1_1_200814_D00376_0520_ACEAK5ANXX_L4.fq.gz
kidney.WT.1292372	kidney.WT.1292372	5153256	mouse	kidney	Dchs1.WT	total RNA	single	Illumina HiSeq 2500	Dchs1_counts.txt	Dchs1_TPM.txt	1292372_1_1_200814_D00376_0520_ACEAK5ANXX_L5.fq.gz
kidney.Het.1292373	kidney.Het.1292373	5153278	mouse	kidney	Dchs1.Het	total RNA	single	Illumina HiSeq 2500	Dchs1_counts.txt	Dchs1_TPM.txt	1292373_1_1_200814_D00376_0520_ACEAK5ANXX_L6.fq.gz
kidney.Het.1292374	kidney.Het.1292374	5153282	mouse	kidney	Dchs1.Het	total RNA	single	Illumina HiSeq 2500	Dchs1_counts.txt	Dchs1_TPM.txt	1292374_1_1_200814_D00376_0520_ACEAK5ANXX_L7.fq.gz
kidney.WT.1292375	kidney.WT.1292375	5144564	mouse	kidney	Dchs1.WT	total RNA	single	Illumina HiSeq 2500	Dchs1_counts.txt	Dchs1_TPM.txt	1292375_1_1_200814_D00376_0520_ACEAK5ANXX_L8.fq.gz
kidney.WT.1292376	kidney.WT.1292376	5144566	mouse	kidney	Dchs1.WT	total RNA	single	Illumina HiSeq 2500	Dchs1_counts.txt	Dchs1_TPM.txt	1292376_1_1_200814_D00376_0520_ACEAK5ANXX_L3.fq.gz
kidney.Het.1292377	kidney.Het.1292377	5153258	mouse	kidney	Dchs1.Het	total RNA	single	Illumina HiSeq 2500	Dchs1_counts.txt	Dchs1_TPM.txt	1292377_1_1_200814_D00376_0520_ACEAK5ANXX_L4.fq.gz
kidney.Het.1292378	kidney.Het.1292378	5144534	mouse	kidney	Dchs1.Het	total RNA	single	Illumina HiSeq 2500	Dchs1_counts.txt	Dchs1_TPM.txt	1292378_1_1_200814_D00376_0520_ACEAK5ANXX_L5.fq.gz
kidney.WT.1292379	kidney.WT.1292379	5153245	mouse	kidney	Dchs1.WT	total RNA	single	Illumina HiSeq 2500	Dchs1_counts.txt	Dchs1_TPM.txt	1292379_1_1_200814_D00376_0520_ACEAK5ANXX_L6.fq.gz
kidney.Het.1292380	kidney.Het.1292380	5144536	mouse	kidney	Dchs1.Het	total RNA	single	Illumina HiSeq 2500	Dchs1_counts.txt	Dchs1_TPM.txt	1292380_1_1_200814_D00376_0520_ACEAK5ANXX_L7.fq.gz
kidney.Het.1292381	kidney.Het.1292381	5153243	mouse	kidney	Dchs1.Het	total RNA	single	Illumina HiSeq 2500	Dchs1_counts.txt	Dchs1_TPM.txt	1292381_1_1_200814_D00376_0520_ACEAK5ANXX_L8.fq.gz
heart.WT.1292382	heart.WT.1292382	5144540	mouse	heart	Dchs1.WT	total RNA	single	Illumina HiSeq 2500	Dchs1_counts.txt	Dchs1_TPM.txt	1292382_1_1_200812_D00362_0478_BCE86YANXX_L4.fq.gz
heart.Het.1292383	heart.Het.1292383	5144537	mouse	heart	Dchs1.Het	total RNA	single	Illumina HiSeq 2500	Dchs1_counts.txt	Dchs1_TPM.txt	1292383_1_1_200812_D00362_0478_BCE86YANXX_L5.fq.gz
heart.Het.1292384	heart.Het.1292384	5153249	mouse	heart	Dchs1.Het	total RNA	single	Illumina HiSeq 2500	Dchs1_counts.txt	Dchs1_TPM.txt	1292384_1_1_200812_D00362_0478_BCE86YANXX_L6.fq.gz
heart.WT.1292385	heart.WT.1292385	5144546	mouse	heart	Dchs1.WT	total RNA	single	Illumina HiSeq 2500	Dchs1_counts.txt	Dchs1_TPM.txt	1292385_1_1_200812_D00362_0478_BCE86YANXX_L7.fq.gz
heart.Het.1292386	heart.Het.1292386	5144551	mouse	heart	Dchs1.Het	total RNA	single	Illumina HiSeq 2500	Dchs1_counts.txt	Dchs1_TPM.txt	1292386_1_1_200812_D00362_0478_BCE86YANXX_L8.fq.gz
heart.WT.1292387	heart.WT.1292387	5144554	mouse	heart	Dchs1.WT	total RNA	single	Illumina HiSeq 2500	Dchs1_counts.txt	Dchs1_TPM.txt	1292387_1_1_200812_D00362_0478_BCE86YANXX_L4.fq.gz
heart.WT.1292388	heart.WT.1292388	5144518	mouse	heart	Dchs1.WT	total RNA	single	Illumina HiSeq 2500	Dchs1_counts.txt	Dchs1_TPM.txt	1292388_1_1_200812_D00362_0478_BCE86YANXX_L5.fq.gz
heart.Het.1292389	heart.Het.1292389	5144552	mouse	heart	Dchs1.Het	total RNA	single	Illumina HiSeq 2500	Dchs1_counts.txt	Dchs1_TPM.txt	1292389_1_1_200812_D00362_0478_BCE86YANXX_L6.fq.gz
heart.Het.1292390	heart.Het.1292390	5144520	mouse	heart	Dchs1.Het	total RNA	single	Illumina HiSeq 2500	Dchs1_counts.txt	Dchs1_TPM.txt	1292390_1_1_200812_D00362_0478_BCE86YANXX_L7.fq.gz
heart.Het.1292391	heart.Het.1292391	5144548	mouse	heart	Dchs1.Het	total RNA	single	Illumina HiSeq 2500	Dchs1_counts.txt	Dchs1_TPM.txt	1292391_1_1_200812_D00362_0478_BCE86YANXX_L8.fq.gz
heart.WT.1292392	heart.WT.1292392	5144526	mouse	heart	Dchs1.WT	total RNA	single	Illumina HiSeq 2500	Dchs1_counts.txt	Dchs1_TPM.txt	1292392_1_1_200812_D00362_0478_BCE86YANXX_L4.fq.gz
heart.WT.1292393	heart.WT.1292393	5144538	mouse	heart	Dchs1.WT	total RNA	single	Illumina HiSeq 2500	Dchs1_counts.txt	Dchs1_TPM.txt	1292393_1_1_200812_D00362_0478_BCE86YANXX_L5.fq.gz
heart.Het.1292394	heart.Het.1292394	5153266	mouse	heart	Dchs1.Het	total RNA	single	Illumina HiSeq 2500	Dchs1_counts.txt	Dchs1_TPM.txt	1292394_1_1_200812_D00362_0478_BCE86YANXX_L6.fq.gz
heart.WT.1292395	heart.WT.1292395	5153257	mouse	heart	Dchs1.WT	total RNA	single	Illumina HiSeq 2500	Dchs1_counts.txt	Dchs1_TPM.txt	1292395_1_1_200812_D00362_0478_BCE86YANXX_L7.fq.gz
heart.WT.1292396	heart.WT.1292396	5153283	mouse	heart	Dchs1.WT	total RNA	single	Illumina HiSeq 2500	Dchs1_counts.txt	Dchs1_TPM.txt	1292396_1_1_200812_D00362_0478_BCE86YANXX_L8.fq.gz
heart.WT.1292397	heart.WT.1292397	5153246	mouse	heart	Dchs1.WT	total RNA	single	Illumina HiSeq 2500	Dchs1_counts.txt	Dchs1_TPM.txt	1292397_1_1_200812_D00362_0478_BCE86YANXX_L4.fq.gz
heart.Het.1292398	heart.Het.1292398	5144565	mouse	heart	Dchs1.Het	total RNA	single	Illumina HiSeq 2500	Dchs1_counts.txt	Dchs1_TPM.txt	1292398_1_1_200812_D00362_0478_BCE86YANXX_L5.fq.gz
heart.WT.1292399	heart.WT.1292399	5153247	mouse	heart	Dchs1.WT	total RNA	single	Illumina HiSeq 2500	Dchs1_counts.txt	Dchs1_TPM.txt	1292399_1_1_200812_D00362_0478_BCE86YANXX_L6.fq.gz
heart.WT.1292400	heart.WT.1292400	5153268	mouse	heart	Dchs1.WT	total RNA	single	Illumina HiSeq 2500	Dchs1_counts.txt	Dchs1_TPM.txt	1292400_1_1_200812_D00362_0478_BCE86YANXX_L7.fq.gz
heart.Het.1292401	heart.Het.1292401	5144533	mouse	heart	Dchs1.Het	total RNA	single	Illumina HiSeq 2500	Dchs1_counts.txt	Dchs1_TPM.txt	1292401_1_1_200812_D00362_0478_BCE86YANXX_L8.fq.gz
heart.WT.1292402	heart.WT.1292402	5153244	mouse	heart	Dchs1.WT	total RNA	single	Illumina HiSeq 2500	Dchs1_counts.txt	Dchs1_TPM.txt	1292402_1_1_200812_D00362_0478_BCE86YANXX_L4.fq.gz
heart.Het.1292403	heart.Het.1292403	5153282	mouse	heart	Dchs1.Het	total RNA	single	Illumina HiSeq 2500	Dchs1_counts.txt	Dchs1_TPM.txt	1292403_1_1_200812_D00362_0478_BCE86YANXX_L5.fq.gz
heart.WT.1292404	heart.WT.1292404	5144535	mouse	heart	Dchs1.WT	total RNA	single	Illumina HiSeq 2500	Dchs1_counts.txt	Dchs1_TPM.txt	1292404_1_1_200812_D00362_0478_BCE86YANXX_L6.fq.gz
heart.Het.1292405	heart.Het.1292405	5153264	mouse	heart	Dchs1.Het	total RNA	single	Illumina HiSeq 2500	Dchs1_counts.txt	Dchs1_TPM.txt	1292405_1_1_200812_D00362_0478_BCE86YANXX_L7.fq.gz
heart.Het.1292406	heart.Het.1292406	5153281	mouse	heart	Dchs1.Het	total RNA	single	Illumina HiSeq 2500	Dchs1_counts.txt	Dchs1_TPM.txt	1292406_1_1_200812_D00362_0478_BCE86YANXX_L8.fq.gz
heart.WT.1292407	heart.WT.1292407	5153265	mouse	heart	Dchs1.WT	total RNA	single	Illumina HiSeq 2500	Dchs1_counts.txt	Dchs1_TPM.txt	1292407_1_1_200812_D00362_0478_BCE86YANXX_L4.fq.gz
heart.WT.1292408	heart.WT.1292408	5153256	mouse	heart	Dchs1.WT	total RNA	single	Illumina HiSeq 2500	Dchs1_counts.txt	Dchs1_TPM.txt	1292408_1_1_200812_D00362_0478_BCE86YANXX_L5.fq.gz
heart.WT.1292409	heart.WT.1292409	5144527	mouse	heart	Dchs1.WT	total RNA	single	Illumina HiSeq 2500	Dchs1_counts.txt	Dchs1_TPM.txt	1292409_1_1_200812_D00362_0478_BCE86YANXX_L6.fq.gz
heart.Het.1292410	heart.Het.1292410	5144525	mouse	heart	Dchs1.Het	total RNA	single	Illumina HiSeq 2500	Dchs1_counts.txt	Dchs1_TPM.txt	1292410_1_1_200812_D00362_0478_BCE86YANXX_L7.fq.gz
heart.Het.1292411	heart.Het.1292411	5144519	mouse	heart	Dchs1.Het	total RNA	single	Illumina HiSeq 2500	Dchs1_counts.txt	Dchs1_TPM.txt	1292411_1_1_200812_D00362_0478_BCE86YANXX_L8.fq.gz
heart.WT.1292412	heart.WT.1292412	5153279	mouse	heart	Dchs1.WT	total RNA	single	Illumina HiSeq 2500	Dchs1_counts.txt	Dchs1_TPM.txt	1292412_1_1_200812_D00362_0478_BCE86YANXX_L4.fq.gz
heart.WT.1292413	heart.WT.1292413	5153273	mouse	heart	Dchs1.WT	total RNA	single	Illumina HiSeq 2500	Dchs1_counts.txt	Dchs1_TPM.txt	1292413_1_1_200812_D00362_0478_BCE86YANXX_L5.fq.gz
heart.Het.1292414	heart.Het.1292414	5153267	mouse	heart	Dchs1.Het	total RNA	single	Illumina HiSeq 2500	Dchs1_counts.txt	Dchs1_TPM.txt	1292414_1_1_200812_D00362_0478_BCE86YANXX_L6.fq.gz
heart.Het.1292415	heart.Het.1292415	5153277	mouse	heart	Dchs1.Het	total RNA	single	Illumina HiSeq 2500	Dchs1_counts.txt	Dchs1_TPM.txt	1292415_1_1_200812_D00362_0478_BCE86YANXX_L7.fq.gz
heart.Het.1292416	heart.Het.1292416	5153269	mouse	heart	Dchs1.Het	total RNA	single	Illumina HiSeq 2500	Dchs1_counts.txt	Dchs1_TPM.txt	1292416_1_1_200812_D00362_0478_BCE86YANXX_L8.fq.gz
heart.Het.1292417	heart.Het.1292417	5144517	mouse	heart	Dchs1.Het	total RNA	single	Illumina HiSeq 2500	Dchs1_counts.txt	Dchs1_TPM.txt	1292417_1_1_200812_D00362_0478_BCE86YANXX_L4.fq.gz
heart.WT.1292418	heart.WT.1292418	5153274	mouse	heart	Dchs1.WT	total RNA	single	Illumina HiSeq 2500	Dchs1_counts.txt	Dchs1_TPM.txt	1292418_1_1_200812_D00362_0478_BCE86YANXX_L5.fq.gz
heart.Het.1292419	heart.Het.1292419	5153258	mouse	heart	Dchs1.Het	total RNA	single	Illumina HiSeq 2500	Dchs1_counts.txt	Dchs1_TPM.txt	1292419_1_1_200812_D00362_0478_BCE86YANXX_L6.fq.gz
heart.WT.1292420	heart.WT.1292420	5144553	mouse	heart	Dchs1.WT	total RNA	single	Illumina HiSeq 2500	Dchs1_counts.txt	Dchs1_TPM.txt	1292420_1_1_200812_D00362_0478_BCE86YANXX_L7.fq.gz
heart.WT.1292421	heart.WT.1292421	5144566	mouse	heart	Dchs1.WT	total RNA	single	Illumina HiSeq 2500	Dchs1_counts.txt	Dchs1_TPM.txt	1292421_1_1_200812_D00362_0478_BCE86YANXX_L8.fq.gz
heart.Het.1292422	heart.Het.1292422	5153278	mouse	heart	Dchs1.Het	total RNA	single	Illumina HiSeq 2500	Dchs1_counts.txt	Dchs1_TPM.txt	1292422_1_1_200812_D00362_0478_BCE86YANXX_L4.fq.gz
heart.Het.1292423	heart.Het.1292423	5144534	mouse	heart	Dchs1.Het	total RNA	single	Illumina HiSeq 2500	Dchs1_counts.txt	Dchs1_TPM.txt	1292423_1_1_200812_D00362_0478_BCE86YANXX_L5.fq.gz
heart.WT.1292424	heart.WT.1292424	5144564	mouse	heart	Dchs1.WT	total RNA	single	Illumina HiSeq 2500	Dchs1_counts.txt	Dchs1_TPM.txt	1292424_1_1_200812_D00362_0478_BCE86YANXX_L6.fq.gz
heart.WT.1292425	heart.WT.1292425	5153245	mouse	heart	Dchs1.WT	total RNA	single	Illumina HiSeq 2500	Dchs1_counts.txt	Dchs1_TPM.txt	1292425_1_1_200812_D00362_0478_BCE86YANXX_L7.fq.gz
heart.Het.1292426	heart.Het.1292426	5153280	mouse	heart	Dchs1.Het	total RNA	single	Illumina HiSeq 2500	Dchs1_counts.txt	Dchs1_TPM.txt	1292426_1_1_200812_D00362_0478_BCE86YANXX_L8.fq.gz
heart.WT.1292427	heart.WT.1292427	5153248	mouse	heart	Dchs1.WT	total RNA	single	Illumina HiSeq 2500	Dchs1_counts.txt	Dchs1_TPM.txt	1292427_1_1_200812_D00362_0478_BCE86YANXX_L4.fq.gz
heart.Het.1292428	heart.Het.1292428	5153243	mouse	heart	Dchs1.Het	total RNA	single	Illumina HiSeq 2500	Dchs1_counts.txt	Dchs1_TPM.txt	1292428_1_1_200812_D00362_0478_BCE86YANXX_L5.fq.gz
heart.Het.1292429	heart.Het.1292429	5144536	mouse	heart	Dchs1.Het	total RNA	single	Illumina HiSeq 2500	Dchs1_counts.txt	Dchs1_TPM.txt	1292429_1_1_200812_D00362_0478_BCE86YANXX_L6.fq.gz
lung.WT.1292430	lung.WT.1292430	5144554	mouse	lung	Dchs1.WT	total RNA	single	Illumina HiSeq 2500	Dchs1_counts.txt	Dchs1_TPM.txt	1292430_1_1_200821_D00362_0479_ACE867ANXX_L1.fq.gz
lung.WT.1292431	lung.WT.1292431	5153257	mouse	lung	Dchs1.WT	total RNA	single	Illumina HiSeq 2500	Dchs1_counts.txt	Dchs1_TPM.txt	1292431_1_1_200821_D00376_0521_BCE7T9ANXX_L3.fq.gz
lung.Het.1292432	lung.Het.1292432	5153282	mouse	lung	Dchs1.Het	total RNA	single	Illumina HiSeq 2500	Dchs1_counts.txt	Dchs1_TPM.txt	1292432_1_1_200821_D00376_0521_BCE7T9ANXX_L3.fq.gz
lung.WT.1292433	lung.WT.1292433	5144526	mouse	lung	Dchs1.WT	total RNA	single	Illumina HiSeq 2500	Dchs1_counts.txt	Dchs1_TPM.txt	1292433_1_1_200821_D00362_0479_ACE867ANXX_L3.fq.gz
lung.WT.1292434	lung.WT.1292434	5144538	mouse	lung	Dchs1.WT	total RNA	single	Illumina HiSeq 2500	Dchs1_counts.txt	Dchs1_TPM.txt	1292434_1_1_200821_D00376_0521_BCE7T9ANXX_L3.fq.gz
lung.WT.1292435	lung.WT.1292435	5144540	mouse	lung	Dchs1.WT	total RNA	single	Illumina HiSeq 2500	Dchs1_counts.txt	Dchs1_TPM.txt	1292435_1_1_200821_D00362_0479_ACE867ANXX_L3.fq.gz
lung.Het.1292436	lung.Het.1292436	5153280	mouse	lung	Dchs1.Het	total RNA	single	Illumina HiSeq 2500	Dchs1_counts.txt	Dchs1_TPM.txt	1292436_1_1_200821_D00376_0521_BCE7T9ANXX_L3.fq.gz
lung.WT.1292437	lung.WT.1292437	5153256	mouse	lung	Dchs1.WT	total RNA	single	Illumina HiSeq 2500	Dchs1_counts.txt	Dchs1_TPM.txt	1292437_1_1_200821_D00376_0521_BCE7T9ANXX_L3.fq.gz
lung.Het.1292438	lung.Het.1292438	5144520	mouse	lung	Dchs1.Het	total RNA	single	Illumina HiSeq 2500	Dchs1_counts.txt	Dchs1_TPM.txt	1292438_1_1_200821_D00376_0521_BCE7T9ANXX_L3.fq.gz
lung.WT.1292439	lung.WT.1292439	5144557	mouse	lung	Dchs1.WT	total RNA	single	Illumina HiSeq 2500	Dchs1_counts.txt	Dchs1_TPM.txt	1292439_1_1_200821_D00376_0521_BCE7T9ANXX_L3.fq.gz
lung.Het.1292440	lung.Het.1292440	5153278	mouse	lung	Dchs1.Het	total RNA	single	Illumina HiSeq 2500	Dchs1_counts.txt	Dchs1_TPM.txt	1292440_1_1_200821_D00362_0479_ACE867ANXX_L2.fq.gz
lung.WT.1292441	lung.WT.1292441	5153274	mouse	lung	Dchs1.WT	total RNA	single	Illumina HiSeq 2500	Dchs1_counts.txt	Dchs1_TPM.txt	1292441_1_1_200821_D00376_0521_BCE7T9ANXX_L3.fq.gz
lung.Het.1292442	lung.Het.1292442	5153264	mouse	lung	Dchs1.Het	total RNA	single	Illumina HiSeq 2500	Dchs1_counts.txt	Dchs1_TPM.txt	1292442_1_1_200821_D00362_0479_ACE867ANXX_L1.fq.gz
lung.Het.1292443	lung.Het.1292443	5153266	mouse	lung	Dchs1.Het	total RNA	single	Illumina HiSeq 2500	Dchs1_counts.txt	Dchs1_TPM.txt	1292443_1_1_200821_D00362_0479_ACE867ANXX_L3.fq.gz
lung.Het.1292444	lung.Het.1292444	5153277	mouse	lung	Dchs1.Het	total RNA	single	Illumina HiSeq 2500	Dchs1_counts.txt	Dchs1_TPM.txt	1292444_1_1_200821_D00362_0479_ACE867ANXX_L3.fq.gz
lung.WT.1292445	lung.WT.1292445	5153246	mouse	lung	Dchs1.WT	total RNA	single	Illumina HiSeq 2500	Dchs1_counts.txt	Dchs1_TPM.txt	1292445_1_1_200821_D00376_0521_BCE7T9ANXX_L3.fq.gz
lung.Het.1292446	lung.Het.1292446	5144565	mouse	lung	Dchs1.Het	total RNA	single	Illumina HiSeq 2500	Dchs1_counts.txt	Dchs1_TPM.txt	1292446_1_1_200821_D00376_0521_BCE7T9ANXX_L3.fq.gz
lung.WT.1292447	lung.WT.1292447	5153247	mouse	lung	Dchs1.WT	total RNA	single	Illumina HiSeq 2500	Dchs1_counts.txt	Dchs1_TPM.txt	1292447_1_1_200821_D00376_0521_BCE7T9ANXX_L3.fq.gz
lung.WT.1292448	lung.WT.1292448	5153268	mouse	lung	Dchs1.WT	total RNA	single	Illumina HiSeq 2500	Dchs1_counts.txt	Dchs1_TPM.txt	1292448_1_1_200821_D00362_0479_ACE867ANXX_L2.fq.gz
lung.Het.1292449	lung.Het.1292449	5144533	mouse	lung	Dchs1.Het	total RNA	single	Illumina HiSeq 2500	Dchs1_counts.txt	Dchs1_TPM.txt	1292449_1_1_200821_D00362_0479_ACE867ANXX_L3.fq.gz
lung.WT.1292450	lung.WT.1292450	5153244	mouse	lung	Dchs1.WT	total RNA	single	Illumina HiSeq 2500	Dchs1_counts.txt	Dchs1_TPM.txt	1292450_1_1_200821_D00362_0479_ACE867ANXX_L3.fq.gz
lung.Het.1292451	lung.Het.1292451	5144537	mouse	lung	Dchs1.Het	total RNA	single	Illumina HiSeq 2500	Dchs1_counts.txt	Dchs1_TPM.txt	1292451_1_1_200821_D00362_0479_ACE867ANXX_L2.fq.gz
lung.Het.1292452	lung.Het.1292452	5153249	mouse	lung	Dchs1.Het	total RNA	single	Illumina HiSeq 2500	Dchs1_counts.txt	Dchs1_TPM.txt	1292452_1_1_200821_D00376_0521_BCE7T9ANXX_L3.fq.gz
lung.WT.1292453	lung.WT.1292453	5144535	mouse	lung	Dchs1.WT	total RNA	single	Illumina HiSeq 2500	Dchs1_counts.txt	Dchs1_TPM.txt	1292453_1_1_200821_D00376_0521_BCE7T9ANXX_L4.fq.gz
lung.Het.1292454	lung.Het.1292454	5144525	mouse	lung	Dchs1.Het	total RNA	single	Illumina HiSeq 2500	Dchs1_counts.txt	Dchs1_TPM.txt	1292454_1_1_200821_D00362_0479_ACE867ANXX_L2.fq.gz
lung.Het.1292455	lung.Het.1292455	5144519	mouse	lung	Dchs1.Het	total RNA	single	Illumina HiSeq 2500	Dchs1_counts.txt	Dchs1_TPM.txt	1292455_1_1_200821_D00362_0479_ACE867ANXX_L2.fq.gz
lung.WT.1292456	lung.WT.1292456	5144564	mouse	lung	Dchs1.WT	total RNA	single	Illumina HiSeq 2500	Dchs1_counts.txt	Dchs1_TPM.txt	1292456_1_1_200821_D00376_0521_BCE7T9ANXX_L4.fq.gz
lung.Het.1292457	lung.Het.1292457	5153281	mouse	lung	Dchs1.Het	total RNA	single	Illumina HiSeq 2500	Dchs1_counts.txt	Dchs1_TPM.txt	1292457_1_1_200821_D00362_0479_ACE867ANXX_L3.fq.gz
lung.Het.1292458	lung.Het.1292458	5153258	mouse	lung	Dchs1.Het	total RNA	single	Illumina HiSeq 2500	Dchs1_counts.txt	Dchs1_TPM.txt	1292458_1_1_200821_D00376_0521_BCE7T9ANXX_L4.fq.gz
lung.WT.1292459	lung.WT.1292459	5144527	mouse	lung	Dchs1.WT	total RNA	single	Illumina HiSeq 2500	Dchs1_counts.txt	Dchs1_TPM.txt	1292459_1_1_200821_D00362_0479_ACE867ANXX_L1.fq.gz
lung.Het.1292460	lung.Het.1292460	5153269	mouse	lung	Dchs1.Het	total RNA	single	Illumina HiSeq 2500	Dchs1_counts.txt	Dchs1_TPM.txt	1292460_1_1_200821_D00376_0521_BCE7T9ANXX_L4.fq.gz
lung.WT.1292461	lung.WT.1292461	5153283	mouse	lung	Dchs1.WT	total RNA	single	Illumina HiSeq 2500	Dchs1_counts.txt	Dchs1_TPM.txt	1292461_1_1_200821_D00362_0479_ACE867ANXX_L1.fq.gz
lung.Het.1292462	lung.Het.1292462	5144517	mouse	lung	Dchs1.Het	total RNA	single	Illumina HiSeq 2500	Dchs1_counts.txt	Dchs1_TPM.txt	1292462_1_1_200821_D00362_0479_ACE867ANXX_L3.fq.gz
lung.Het.1292463	lung.Het.1292463	5153267	mouse	lung	Dchs1.Het	total RNA	single	Illumina HiSeq 2500	Dchs1_counts.txt	Dchs1_TPM.txt	1292463_1_1_200821_D00362_0479_ACE867ANXX_L3.fq.gz
lung.WT.1292464	lung.WT.1292464	5153279	mouse	lung	Dchs1.WT	total RNA	single	Illumina HiSeq 2500	Dchs1_counts.txt	Dchs1_TPM.txt	1292464_1_1_200821_D00376_0521_BCE7T9ANXX_L4.fq.gz
lung.WT.1292465	lung.WT.1292465	5153273	mouse	lung	Dchs1.WT	total RNA	single	Illumina HiSeq 2500	Dchs1_counts.txt	Dchs1_TPM.txt	1292465_1_1_200821_D00376_0521_BCE7T9ANXX_L4.fq.gz
lung.Het.1292466	lung.Het.1292466	5144534	mouse	lung	Dchs1.Het	total RNA	single	Illumina HiSeq 2500	Dchs1_counts.txt	Dchs1_TPM.txt	1292466_1_1_200821_D00362_0479_ACE867ANXX_L2.fq.gz
lung.WT.1292467	lung.WT.1292467	5153248	mouse	lung	Dchs1.WT	total RNA	single	Illumina HiSeq 2500	Dchs1_counts.txt	Dchs1_TPM.txt	1292467_1_1_200821_D00362_0479_ACE867ANXX_L2.fq.gz
lung.WT.1292468	lung.WT.1292468	5144566	mouse	lung	Dchs1.WT	total RNA	single	Illumina HiSeq 2500	Dchs1_counts.txt	Dchs1_TPM.txt	1292468_1_1_200821_D00376_0521_BCE7T9ANXX_L4.fq.gz
lung.WT.1292469	lung.WT.1292469	5153245	mouse	lung	Dchs1.WT	total RNA	single	Illumina HiSeq 2500	Dchs1_counts.txt	Dchs1_TPM.txt	1292469_1_1_200821_D00362_0479_ACE867ANXX_L3.fq.gz
lung.Het.1292470	lung.Het.1292470	5153243	mouse	lung	Dchs1.Het	total RNA	single	Illumina HiSeq 2500	Dchs1_counts.txt	Dchs1_TPM.txt	1292470_1_1_200821_D00362_0479_ACE867ANXX_L1.fq.gz
lung.Het.1292471	lung.Het.1292471	5144536	mouse	lung	Dchs1.Het	total RNA	single	Illumina HiSeq 2500	Dchs1_counts.txt	Dchs1_TPM.txt	1292471_1_1_200821_D00362_0479_ACE867ANXX_L3.fq.gz
lung.Het.1292472	lung.Het.1292472	5144548	mouse	lung	Dchs1.Het	total RNA	single	Illumina HiSeq 2500	Dchs1_counts.txt	Dchs1_TPM.txt	1292472_1_1_200821_D00376_0521_BCE7T9ANXX_L4.fq.gz
lung.Het.1292473	lung.Het.1292473	5144551	mouse	lung	Dchs1.Het	total RNA	single	Illumina HiSeq 2500	Dchs1_counts.txt	Dchs1_TPM.txt	1292473_1_1_200821_D00362_0479_ACE867ANXX_L3.fq.gz
lung.Het.1292474	lung.Het.1292474	5144552	mouse	lung	Dchs1.Het	total RNA	single	Illumina HiSeq 2500	Dchs1_counts.txt	Dchs1_TPM.txt	1292474_1_1_200821_D00376_0521_BCE7T9ANXX_L4.fq.gz
lung.WT.1292475	lung.WT.1292475	5153265	mouse	lung	Dchs1.WT	total RNA	single	Illumina HiSeq 2500	Dchs1_counts.txt	Dchs1_TPM.txt	1292475_1_1_200821_D00376_0521_BCE7T9ANXX_L4.fq.gz
lung.WT.1292476	lung.WT.1292476	5144518	mouse	lung	Dchs1.WT	total RNA	single	Illumina HiSeq 2500	Dchs1_counts.txt	Dchs1_TPM.txt	1292476_1_1_200821_D00376_0521_BCE7T9ANXX_L4.fq.gz
lung.WT.1292477	lung.WT.1292477	5144546	mouse	lung	Dchs1.WT	total RNA	single	Illumina HiSeq 2500	Dchs1_counts.txt	Dchs1_TPM.txt	1292477_1_1_200821_D00376_0521_BCE7T9ANXX_L4.fq.gz
heart.WT.1292478	heart.WT.1292478	5144549	mouse	heart	Dchs1.WT	total RNA	single	Illumina HiSeq 2500	Dchs1_counts.txt	Dchs1_TPM.txt	1292478_1_1_200812_D00362_0478_BCE86YANXX_L7.fq.gz
heart.Het.1292479	heart.Het.1292479	5144550	mouse	heart	Dchs1.Het	total RNA	single	Illumina HiSeq 2500	Dchs1_counts.txt	Dchs1_TPM.txt	1292479_1_1_200812_D00362_0478_BCE86YANXX_L8.fq.gz
lung.Het.1292484	lung.Het.1292484	5144561	mouse	lung	Dchs1.Het	total RNA	single	Illumina HiSeq 2500	Dchs1_counts.txt	Dchs1_TPM.txt	1292484_1_1_200821_D00362_0479_ACE867ANXX_L1.fq.gz
lung.WT.1292485	lung.WT.1292485	5144547	mouse	lung	Dchs1.WT	total RNA	single	Illumina HiSeq 2500	Dchs1_counts.txt	Dchs1_TPM.txt	1292485_1_1_200821_D00362_0479_ACE867ANXX_L2.fq.gz
lung.Het.1292486	lung.Het.1292486	5144563	mouse	lung	Dchs1.Het	total RNA	single	Illumina HiSeq 2500	Dchs1_counts.txt	Dchs1_TPM.txt	1292486_1_1_200821_D00362_0479_ACE867ANXX_L1.fq.gz
lung.Het.1292487	lung.Het.1292487	5144550	mouse	lung	Dchs1.Het	total RNA	single	Illumina HiSeq 2500	Dchs1_counts.txt	Dchs1_TPM.txt	1292487_1_1_200821_D00362_0479_ACE867ANXX_L2.fq.gz
lung.Het.1292488	lung.Het.1292488	5144541	mouse	lung	Dchs1.Het	total RNA	single	Illumina HiSeq 2500	Dchs1_counts.txt	Dchs1_TPM.txt	1292488_1_1_200821_D00362_0479_ACE867ANXX_L1.fq.gz
lung.Het.1292489	lung.Het.1292489	5144562	mouse	lung	Dchs1.Het	total RNA	single	Illumina HiSeq 2500	Dchs1_counts.txt	Dchs1_TPM.txt	1292489_1_1_200821_D00362_0479_ACE867ANXX_L1.fq.gz
lung.WT.1292490	lung.WT.1292490	5144556	mouse	lung	Dchs1.WT	total RNA	single	Illumina HiSeq 2500	Dchs1_counts.txt	Dchs1_TPM.txt	1292490_1_1_200821_D00362_0479_ACE867ANXX_L2.fq.gz
lung.WT.1292491	lung.WT.1292491	5144560	mouse	lung	Dchs1.WT	total RNA	single	Illumina HiSeq 2500	Dchs1_counts.txt	Dchs1_TPM.txt	1292491_1_1_200821_D00362_0479_ACE867ANXX_L1.fq.gz
lung.WT.1292492	lung.WT.1292492	5144549	mouse	lung	Dchs1.WT	total RNA	single	Illumina HiSeq 2500	Dchs1_counts.txt	Dchs1_TPM.txt	1292492_1_1_200821_D00362_0479_ACE867ANXX_L2.fq.gz
lung.WT.1292493	lung.WT.1292493	5144553	mouse	lung	Dchs1.WT	total RNA	single	Illumina HiSeq 2500	Dchs1_counts.txt	Dchs1_TPM.txt	1292493_1_1_200821_D00362_0479_ACE867ANXX_L1.fq.gz
lung.WT.1292494	lung.WT.1292494	5144555	mouse	lung	Dchs1.WT	total RNA	single	Illumina HiSeq 2500	Dchs1_counts.txt	Dchs1_TPM.txt	1292494_1_1_200821_D00362_0479_ACE867ANXX_L1.fq.gz
lung.Het.1292495	lung.Het.1292495	5144539	mouse	lung	Dchs1.Het	total RNA	single	Illumina HiSeq 2500	Dchs1_counts.txt	Dchs1_TPM.txt	1292495_1_1_200821_D00362_0479_ACE867ANXX_L2.fq.gz
kidney.WT.1292496	kidney.WT.1292496	5144547	mouse	kidney	Dchs1.WT	total RNA	single	Illumina HiSeq 2500	Dchs1_counts.txt	Dchs1_TPM.txt	1292496_1_1_200814_D00376_0520_ACEAK5ANXX_L3.fq.gz
kidney.Het.1292497	kidney.Het.1292497	5144541	mouse	kidney	Dchs1.Het	total RNA	single	Illumina HiSeq 2500	Dchs1_counts.txt	Dchs1_TPM.txt	1292497_1_1_200814_D00376_0520_ACEAK5ANXX_L4.fq.gz
kidney.WT.1292498	kidney.WT.1292498	5144560	mouse	kidney	Dchs1.WT	total RNA	single	Illumina HiSeq 2500	Dchs1_counts.txt	Dchs1_TPM.txt	1292498_1_1_200814_D00376_0520_ACEAK5ANXX_L5.fq.gz
kidney.WT.1292499	kidney.WT.1292499	5144555	mouse	kidney	Dchs1.WT	total RNA	single	Illumina HiSeq 2500	Dchs1_counts.txt	Dchs1_TPM.txt	1292499_1_1_200814_D00376_0520_ACEAK5ANXX_L6.fq.gz
kidney.Het.1292500	kidney.Het.1292500	5144562	mouse	kidney	Dchs1.Het	total RNA	single	Illumina HiSeq 2500	Dchs1_counts.txt	Dchs1_TPM.txt	1292500_1_1_200814_D00376_0520_ACEAK5ANXX_L7.fq.gz
kidney.WT.1292501	kidney.WT.1292501	5144557	mouse	kidney	Dchs1.WT	total RNA	single	Illumina HiSeq 2500	Dchs1_counts.txt	Dchs1_TPM.txt	1292501_1_1_200814_D00376_0520_ACEAK5ANXX_L8.fq.gz
kidney.Het.1292502	kidney.Het.1292502	5144561	mouse	kidney	Dchs1.Het	total RNA	single	Illumina HiSeq 2500	Dchs1_counts.txt	Dchs1_TPM.txt	1292502_1_1_200814_D00376_0520_ACEAK5ANXX_L3.fq.gz
kidney.WT.1292503	kidney.WT.1292503	5144549	mouse	kidney	Dchs1.WT	total RNA	single	Illumina HiSeq 2500	Dchs1_counts.txt	Dchs1_TPM.txt	1292503_1_1_200814_D00376_0520_ACEAK5ANXX_L4.fq.gz
kidney.Het.1292504	kidney.Het.1292504	5144550	mouse	kidney	Dchs1.Het	total RNA	single	Illumina HiSeq 2500	Dchs1_counts.txt	Dchs1_TPM.txt	1292504_1_1_200814_D00376_0520_ACEAK5ANXX_L5.fq.gz
kidney.Het.1292505	kidney.Het.1292505	5144563	mouse	kidney	Dchs1.Het	total RNA	single	Illumina HiSeq 2500	Dchs1_counts.txt	Dchs1_TPM.txt	1292505_1_1_200814_D00376_0520_ACEAK5ANXX_L6.fq.gz
kidney.WT.1292506	kidney.WT.1292506	5144553	mouse	kidney	Dchs1.WT	total RNA	single	Illumina HiSeq 2500	Dchs1_counts.txt	Dchs1_TPM.txt	1292506_1_1_200814_D00376_0520_ACEAK5ANXX_L7.fq.gz
kidney.WT.1292507	kidney.WT.1292507	5144556	mouse	kidney	Dchs1.WT	total RNA	single	Illumina HiSeq 2500	Dchs1_counts.txt	Dchs1_TPM.txt	1292507_1_1_200814_D00376_0520_ACEAK5ANXX_L8.fq.gz
liver.WT.1292508	liver.WT.1292508	5144555	mouse	liver	Dchs1.WT	total RNA	single	Illumina HiSeq 2500	Dchs1_counts.txt	Dchs1_TPM.txt	1292508_1_1_200821_D00362_0479_ACE867ANXX_L6.fq.gz
liver.Het.1292509	liver.Het.1292509	5144541	mouse	liver	Dchs1.Het	total RNA	single	Illumina HiSeq 2500	Dchs1_counts.txt	Dchs1_TPM.txt	1292509_1_1_200821_D00362_0479_ACE867ANXX_L7.fq.gz
liver.WT.1292510	liver.WT.1292510	5144547	mouse	liver	Dchs1.WT	total RNA	single	Illumina HiSeq 2500	Dchs1_counts.txt	Dchs1_TPM.txt	1292510_1_1_200821_D00362_0479_ACE867ANXX_L8.fq.gz
liver.WT.1292511	liver.WT.1292511	5144560	mouse	liver	Dchs1.WT	total RNA	single	Illumina HiSeq 2500	Dchs1_counts.txt	Dchs1_TPM.txt	1292511_1_1_200821_D00362_0479_ACE867ANXX_L4.fq.gz
liver.Het.1292512	liver.Het.1292512	5144563	mouse	liver	Dchs1.Het	total RNA	single	Illumina HiSeq 2500	Dchs1_counts.txt	Dchs1_TPM.txt	1292512_1_1_200821_D00362_0479_ACE867ANXX_L5.fq.gz
liver.WT.1292513	liver.WT.1292513	5144557	mouse	liver	Dchs1.WT	total RNA	single	Illumina HiSeq 2500	Dchs1_counts.txt	Dchs1_TPM.txt	1292513_1_1_200821_D00362_0479_ACE867ANXX_L6.fq.gz
liver.Het.1292514	liver.Het.1292514	5144561	mouse	liver	Dchs1.Het	total RNA	single	Illumina HiSeq 2500	Dchs1_counts.txt	Dchs1_TPM.txt	1292514_1_1_200821_D00362_0479_ACE867ANXX_L7.fq.gz
liver.WT.1292515	liver.WT.1292515	5144549	mouse	liver	Dchs1.WT	total RNA	single	Illumina HiSeq 2500	Dchs1_counts.txt	Dchs1_TPM.txt	1292515_1_1_200821_D00362_0479_ACE867ANXX_L8.fq.gz
liver.Het.1292516	liver.Het.1292516	5144550	mouse	liver	Dchs1.Het	total RNA	single	Illumina HiSeq 2500	Dchs1_counts.txt	Dchs1_TPM.txt	1292516_1_1_200821_D00362_0479_ACE867ANXX_L4.fq.gz
liver.WT.1292517	liver.WT.1292517	5144553	mouse	liver	Dchs1.WT	total RNA	single	Illumina HiSeq 2500	Dchs1_counts.txt	Dchs1_TPM.txt	1292517_1_1_200821_D00362_0479_ACE867ANXX_L5.fq.gz
liver.WT.1292518	liver.WT.1292518	5144556	mouse	liver	Dchs1.WT	total RNA	single	Illumina HiSeq 2500	Dchs1_counts.txt	Dchs1_TPM.txt	1292518_1_1_200821_D00362_0479_ACE867ANXX_L6.fq.gz
liver.Het.1292519	liver.Het.1292519	5144562	mouse	liver	Dchs1.Het	total RNA	single	Illumina HiSeq 2500	Dchs1_counts.txt	Dchs1_TPM.txt	1292519_1_1_200821_D00362_0479_ACE867ANXX_L7.fq.gz
heart.WT.1292520	heart.WT.1292520	5144555	mouse	heart	Dchs1.WT	total RNA	single	Illumina HiSeq 2500	Dchs1_counts.txt	Dchs1_TPM.txt	1292520_1_1_200812_D00362_0478_BCE86YANXX_L4.fq.gz
heart.Het.1292521	heart.Het.1292521	5144541	mouse	heart	Dchs1.Het	total RNA	single	Illumina HiSeq 2500	Dchs1_counts.txt	Dchs1_TPM.txt	1292521_1_1_200812_D00362_0478_BCE86YANXX_L5.fq.gz
heart.Het.1292522	heart.Het.1292522	5144539	mouse	heart	Dchs1.Het	total RNA	single	Illumina HiSeq 2500	Dchs1_counts.txt	Dchs1_TPM.txt	1292522_1_1_200812_D00362_0478_BCE86YANXX_L6.fq.gz
heart.Het.1292523	heart.Het.1292523	5144562	mouse	heart	Dchs1.Het	total RNA	single	Illumina HiSeq 2500	Dchs1_counts.txt	Dchs1_TPM.txt	1292523_1_1_200812_D00362_0478_BCE86YANXX_L7.fq.gz
heart.Het.1292524	heart.Het.1292524	5144563	mouse	heart	Dchs1.Het	total RNA	single	Illumina HiSeq 2500	Dchs1_counts.txt	Dchs1_TPM.txt	1292524_1_1_200812_D00362_0478_BCE86YANXX_L8.fq.gz
heart.WT.1292525	heart.WT.1292525	5144557	mouse	heart	Dchs1.WT	total RNA	single	Illumina HiSeq 2500	Dchs1_counts.txt	Dchs1_TPM.txt	1292525_1_1_200812_D00362_0478_BCE86YANXX_L4.fq.gz
heart.WT.1292546	heart.WT.1292546	5144556	mouse	heart	Dchs1.WT	total RNA	single	Illumina HiSeq 2500	Dchs1_counts.txt	Dchs1_TPM.txt	1292546_1_1_200812_D00362_0478_BCE86YANXX_L5.fq.gz
heart.Het.1292547	heart.Het.1292547	5144561	mouse	heart	Dchs1.Het	total RNA	single	Illumina HiSeq 2500	Dchs1_counts.txt	Dchs1_TPM.txt	1292547_1_1_200812_D00362_0478_BCE86YANXX_L6.fq.gz
heart.WT.1292548	heart.WT.1292548	5144547	mouse	heart	Dchs1.WT	total RNA	single	Illumina HiSeq 2500	Dchs1_counts.txt	Dchs1_TPM.txt	1292548_1_1_200812_D00362_0478_BCE86YANXX_L7.fq.gz
heart.WT.1292549	heart.WT.1292549	5144560	mouse	heart	Dchs1.WT	total RNA	single	Illumina HiSeq 2500	Dchs1_counts.txt	Dchs1_TPM.txt	1292549_1_1_200812_D00362_0478_BCE86YANXX_L8.fq.gz
kidney.WT.1291205	kidney.WT.1291205	5152907	mouse	kidney	Fat4.WT	total RNA	single	Illumina HiSeq 2500	Fat4_counts.txt	Fat4_TPM.txt	1291205_1_1_200724_D00362_0476_BCE818ANXX_L6.fq.gz
kidney.WT.1291206	kidney.WT.1291206	5152879	mouse	kidney	Fat4.WT	total RNA	single	Illumina HiSeq 2500	Fat4_counts.txt	Fat4_TPM.txt	1291206_1_1_200724_D00362_0476_BCE818ANXX_L6.fq.gz
kidney.Het.1291216	kidney.Het.1291216	5152819	mouse	kidney	Fat4.Het	total RNA	single	Illumina HiSeq 2500	Fat4_counts.txt	Fat4_TPM.txt	1291216_1_1_200724_D00362_0476_BCE818ANXX_L7.fq.gz
kidney.Het.1291217	kidney.Het.1291217	5152878	mouse	kidney	Fat4.Het	total RNA	single	Illumina HiSeq 2500	Fat4_counts.txt	Fat4_TPM.txt	1291217_1_1_200724_D00362_0476_BCE818ANXX_L6.fq.gz
kidney.WT.1291218	kidney.WT.1291218	5152961	mouse	kidney	Fat4.WT	total RNA	single	Illumina HiSeq 2500	Fat4_counts.txt	Fat4_TPM.txt	1291218_1_1_200724_D00362_0476_BCE818ANXX_L5.fq.gz
kidney.WT.1291219	kidney.WT.1291219	5152905	mouse	kidney	Fat4.WT	total RNA	single	Illumina HiSeq 2500	Fat4_counts.txt	Fat4_TPM.txt	1291219_1_1_200807_D00362_0477_ACE7W3ANXX_L1.fq.gz
kidney.Het.1291220	kidney.Het.1291220	5152930	mouse	kidney	Fat4.Het	total RNA	single	Illumina HiSeq 2500	Fat4_counts.txt	Fat4_TPM.txt	1291220_1_1_200724_D00362_0476_BCE818ANXX_L7.fq.gz
kidney.Het.1291221	kidney.Het.1291221	5152861	mouse	kidney	Fat4.Het	total RNA	single	Illumina HiSeq 2500	Fat4_counts.txt	Fat4_TPM.txt	1291221_1_1_200807_D00362_0477_ACE7W3ANXX_L1.fq.gz
kidney.WT.1291222	kidney.WT.1291222	5152883	mouse	kidney	Fat4.WT	total RNA	single	Illumina HiSeq 2500	Fat4_counts.txt	Fat4_TPM.txt	1291222_1_1_200807_D00362_0477_ACE7W3ANXX_L1.fq.gz
kidney.Het.1291223	kidney.Het.1291223	5152863	mouse	kidney	Fat4.Het	total RNA	single	Illumina HiSeq 2500	Fat4_counts.txt	Fat4_TPM.txt	1291223_1_1_200724_D00362_0476_BCE818ANXX_L5.fq.gz
kidney.Het.1291224	kidney.Het.1291224	5152831	mouse	kidney	Fat4.Het	total RNA	single	Illumina HiSeq 2500	Fat4_counts.txt	Fat4_TPM.txt	1291224_1_1_200724_D00362_0476_BCE818ANXX_L6.fq.gz
kidney.Het.1291225	kidney.Het.1291225	5152901	mouse	kidney	Fat4.Het	total RNA	single	Illumina HiSeq 2500	Fat4_counts.txt	Fat4_TPM.txt	1291225_1_1_200807_D00362_0477_ACE7W3ANXX_L1.fq.gz
kidney.WT.1291226	kidney.WT.1291226	5152917	mouse	kidney	Fat4.WT	total RNA	single	Illumina HiSeq 2500	Fat4_counts.txt	Fat4_TPM.txt	1291226_1_1_200724_D00362_0476_BCE818ANXX_L5.fq.gz
kidney.Het.1291227	kidney.Het.1291227	5152885	mouse	kidney	Fat4.Het	total RNA	single	Illumina HiSeq 2500	Fat4_counts.txt	Fat4_TPM.txt	1291227_1_1_200724_D00362_0476_BCE818ANXX_L7.fq.gz
kidney.WT.1291228	kidney.WT.1291228	5152959	mouse	kidney	Fat4.WT	total RNA	single	Illumina HiSeq 2500	Fat4_counts.txt	Fat4_TPM.txt	1291228_1_1_200807_D00362_0477_ACE7W3ANXX_L1.fq.gz
kidney.Het.1291229	kidney.Het.1291229	5152899	mouse	kidney	Fat4.Het	total RNA	single	Illumina HiSeq 2500	Fat4_counts.txt	Fat4_TPM.txt	1291229_1_1_200724_D00362_0476_BCE818ANXX_L5.fq.gz
kidney.Het.1291230	kidney.Het.1291230	5152926	mouse	kidney	Fat4.Het	total RNA	single	Illumina HiSeq 2500	Fat4_counts.txt	Fat4_TPM.txt	1291230_1_1_200724_D00362_0476_BCE818ANXX_L5.fq.gz
kidney.WT.1291231	kidney.WT.1291231	5152842	mouse	kidney	Fat4.WT	total RNA	single	Illumina HiSeq 2500	Fat4_counts.txt	Fat4_TPM.txt	1291231_1_1_200724_D00362_0476_BCE818ANXX_L8.fq.gz
kidney.Het.1291232	kidney.Het.1291232	5152816	mouse	kidney	Fat4.Het	total RNA	single	Illumina HiSeq 2500	Fat4_counts.txt	Fat4_TPM.txt	1291232_1_1_200724_D00362_0476_BCE818ANXX_L8.fq.gz
kidney.WT.1291233	kidney.WT.1291233	5152908	mouse	kidney	Fat4.WT	total RNA	single	Illumina HiSeq 2500	Fat4_counts.txt	Fat4_TPM.txt	1291233_1_1_200724_D00362_0476_BCE818ANXX_L8.fq.gz
kidney.Het.1291234	kidney.Het.1291234	5152898	mouse	kidney	Fat4.Het	total RNA	single	Illumina HiSeq 2500	Fat4_counts.txt	Fat4_TPM.txt	1291234_1_1_200724_D00362_0476_BCE818ANXX_L6.fq.gz
kidney.Het.1291235	kidney.Het.1291235	5152915	mouse	kidney	Fat4.Het	total RNA	single	Illumina HiSeq 2500	Fat4_counts.txt	Fat4_TPM.txt	1291235_1_1_200724_D00362_0476_BCE818ANXX_L7.fq.gz
kidney.WT.1291236	kidney.WT.1291236	5152906	mouse	kidney	Fat4.WT	total RNA	single	Illumina HiSeq 2500	Fat4_counts.txt	Fat4_TPM.txt	1291236_1_1_200724_D00362_0476_BCE818ANXX_L5.fq.gz
kidney.Het.1291237	kidney.Het.1291237	5152913	mouse	kidney	Fat4.Het	total RNA	single	Illumina HiSeq 2500	Fat4_counts.txt	Fat4_TPM.txt	1291237_1_1_200724_D00362_0476_BCE818ANXX_L8.fq.gz
kidney.WT.1291238	kidney.WT.1291238	5152919	mouse	kidney	Fat4.WT	total RNA	single	Illumina HiSeq 2500	Fat4_counts.txt	Fat4_TPM.txt	1291238_1_1_200724_D00362_0476_BCE818ANXX_L7.fq.gz
kidney.WT.1291239	kidney.WT.1291239	5152925	mouse	kidney	Fat4.WT	total RNA	single	Illumina HiSeq 2500	Fat4_counts.txt	Fat4_TPM.txt	1291239_1_1_200724_D00362_0476_BCE818ANXX_L6.fq.gz
kidney.Het.1291240	kidney.Het.1291240	5152928	mouse	kidney	Fat4.Het	total RNA	single	Illumina HiSeq 2500	Fat4_counts.txt	Fat4_TPM.txt	1291240_1_1_200724_D00362_0476_BCE818ANXX_L5.fq.gz
kidney.WT.1291241	kidney.WT.1291241	5152960	mouse	kidney	Fat4.WT	total RNA	single	Illumina HiSeq 2500	Fat4_counts.txt	Fat4_TPM.txt	1291241_1_1_200807_D00362_0477_ACE7W3ANXX_L1.fq.gz
kidney.WT.1291242	kidney.WT.1291242	5152912	mouse	kidney	Fat4.WT	total RNA	single	Illumina HiSeq 2500	Fat4_counts.txt	Fat4_TPM.txt	1291242_1_1_200724_D00362_0476_BCE818ANXX_L6.fq.gz
kidney.Het.1291243	kidney.Het.1291243	5152910	mouse	kidney	Fat4.Het	total RNA	single	Illumina HiSeq 2500	Fat4_counts.txt	Fat4_TPM.txt	1291243_1_1_200724_D00362_0476_BCE818ANXX_L8.fq.gz
kidney.Het.1291244	kidney.Het.1291244	5152932	mouse	kidney	Fat4.Het	total RNA	single	Illumina HiSeq 2500	Fat4_counts.txt	Fat4_TPM.txt	1291244_1_1_200724_D00362_0476_BCE818ANXX_L6.fq.gz
kidney.Het.1291245	kidney.Het.1291245	5152897	mouse	kidney	Fat4.Het	total RNA	single	Illumina HiSeq 2500	Fat4_counts.txt	Fat4_TPM.txt	1291245_1_1_200724_D00362_0476_BCE818ANXX_L8.fq.gz
kidney.WT.1291246	kidney.WT.1291246	5152843	mouse	kidney	Fat4.WT	total RNA	single	Illumina HiSeq 2500	Fat4_counts.txt	Fat4_TPM.txt	1291246_1_1_200724_D00362_0476_BCE818ANXX_L5.fq.gz
kidney.Het.1291247	kidney.Het.1291247	5152840	mouse	kidney	Fat4.Het	total RNA	single	Illumina HiSeq 2500	Fat4_counts.txt	Fat4_TPM.txt	1291247_1_1_200724_D00362_0476_BCE818ANXX_L8.fq.gz
kidney.Het.1291248	kidney.Het.1291248	5152808	mouse	kidney	Fat4.Het	total RNA	single	Illumina HiSeq 2500	Fat4_counts.txt	Fat4_TPM.txt	1291248_1_1_200724_D00362_0476_BCE818ANXX_L6.fq.gz
kidney.WT.1291249	kidney.WT.1291249	5152881	mouse	kidney	Fat4.WT	total RNA	single	Illumina HiSeq 2500	Fat4_counts.txt	Fat4_TPM.txt	1291249_1_1_200724_D00362_0476_BCE818ANXX_L7.fq.gz
kidney.WT.1291250	kidney.WT.1291250	5152900	mouse	kidney	Fat4.WT	total RNA	single	Illumina HiSeq 2500	Fat4_counts.txt	Fat4_TPM.txt	1291250_1_1_200724_D00362_0476_BCE818ANXX_L6.fq.gz
kidney.WT.1291251	kidney.WT.1291251	5152916	mouse	kidney	Fat4.WT	total RNA	single	Illumina HiSeq 2500	Fat4_counts.txt	Fat4_TPM.txt	1291251_1_1_200724_D00362_0476_BCE818ANXX_L7.fq.gz
kidney.WT.1291252	kidney.WT.1291252	5152914	mouse	kidney	Fat4.WT	total RNA	single	Illumina HiSeq 2500	Fat4_counts.txt	Fat4_TPM.txt	1291252_1_1_200807_D00362_0477_ACE7W3ANXX_L1.fq.gz
kidney.WT.1291253	kidney.WT.1291253	5152918	mouse	kidney	Fat4.WT	total RNA	single	Illumina HiSeq 2500	Fat4_counts.txt	Fat4_TPM.txt	1291253_1_1_200807_D00362_0477_ACE7W3ANXX_L1.fq.gz
kidney.WT.1291254	kidney.WT.1291254	5152839	mouse	kidney	Fat4.WT	total RNA	single	Illumina HiSeq 2500	Fat4_counts.txt	Fat4_TPM.txt	1291254_1_1_200724_D00362_0476_BCE818ANXX_L6.fq.gz
kidney.WT.1291255	kidney.WT.1291255	5152884	mouse	kidney	Fat4.WT	total RNA	single	Illumina HiSeq 2500	Fat4_counts.txt	Fat4_TPM.txt	1291255_1_1_200724_D00362_0476_BCE818ANXX_L8.fq.gz
kidney.Het.1291256	kidney.Het.1291256	5152931	mouse	kidney	Fat4.Het	total RNA	single	Illumina HiSeq 2500	Fat4_counts.txt	Fat4_TPM.txt	1291256_1_1_200724_D00362_0476_BCE818ANXX_L5.fq.gz
kidney.Het.1291257	kidney.Het.1291257	5152933	mouse	kidney	Fat4.Het	total RNA	single	Illumina HiSeq 2500	Fat4_counts.txt	Fat4_TPM.txt	1291257_1_1_200724_D00362_0476_BCE818ANXX_L7.fq.gz
kidney.WT.1291258	kidney.WT.1291258	5152806	mouse	kidney	Fat4.WT	total RNA	single	Illumina HiSeq 2500	Fat4_counts.txt	Fat4_TPM.txt	1291258_1_1_200724_D00362_0476_BCE818ANXX_L8.fq.gz
kidney.WT.1291259	kidney.WT.1291259	5152832	mouse	kidney	Fat4.WT	total RNA	single	Illumina HiSeq 2500	Fat4_counts.txt	Fat4_TPM.txt	1291259_1_1_200724_D00362_0476_BCE818ANXX_L7.fq.gz
kidney.Het.1291260	kidney.Het.1291260	5152927	mouse	kidney	Fat4.Het	total RNA	single	Illumina HiSeq 2500	Fat4_counts.txt	Fat4_TPM.txt	1291260_1_1_200724_D00362_0476_BCE818ANXX_L7.fq.gz
kidney.WT.1291261	kidney.WT.1291261	5152962	mouse	kidney	Fat4.WT	total RNA	single	Illumina HiSeq 2500	Fat4_counts.txt	Fat4_TPM.txt	1291261_1_1_200724_D00362_0476_BCE818ANXX_L7.fq.gz
kidney.Het.1291262	kidney.Het.1291262	5152841	mouse	kidney	Fat4.Het	total RNA	single	Illumina HiSeq 2500	Fat4_counts.txt	Fat4_TPM.txt	1291262_1_1_200724_D00362_0476_BCE818ANXX_L7.fq.gz
kidney.WT.1291263	kidney.WT.1291263	5152834	mouse	kidney	Fat4.WT	total RNA	single	Illumina HiSeq 2500	Fat4_counts.txt	Fat4_TPM.txt	1291263_1_1_200724_D00362_0476_BCE818ANXX_L5.fq.gz
lung.WT.1291264	lung.WT.1291264	5152959	mouse	lung	Fat4.WT	total RNA	single	Illumina HiSeq 2500	Fat4_counts.txt	Fat4_TPM.txt	1291264_1_1_200807_D00376_0519_ACE7UDANXX_L3.fq.gz
lung.WT.1291265	lung.WT.1291265	5152839	mouse	lung	Fat4.WT	total RNA	single	Illumina HiSeq 2500	Fat4_counts.txt	Fat4_TPM.txt	1291265_1_1_200807_D00376_0519_ACE7UDANXX_L4.fq.gz
lung.WT.1291266	lung.WT.1291266	5152862	mouse	lung	Fat4.WT	total RNA	single	Illumina HiSeq 2500	Fat4_counts.txt	Fat4_TPM.txt	1291266_1_1_200807_D00376_0519_ACE7UDANXX_L5.fq.gz
lung.Het.1291267	lung.Het.1291267	5152818	mouse	lung	Fat4.Het	total RNA	single	Illumina HiSeq 2500	Fat4_counts.txt	Fat4_TPM.txt	1291267_1_1_200807_D00376_0519_ACE7UDANXX_L6.fq.gz
lung.Het.1291268	lung.Het.1291268	5152808	mouse	lung	Fat4.Het	total RNA	single	Illumina HiSeq 2500	Fat4_counts.txt	Fat4_TPM.txt	1291268_1_1_200807_D00376_0519_ACE7UDANXX_L7.fq.gz
lung.Het.1291269	lung.Het.1291269	5152930	mouse	lung	Fat4.Het	total RNA	single	Illumina HiSeq 2500	Fat4_counts.txt	Fat4_TPM.txt	1291269_1_1_200807_D00376_0519_ACE7UDANXX_L8.fq.gz
lung.Het.1291270	lung.Het.1291270	5152841	mouse	lung	Fat4.Het	total RNA	single	Illumina HiSeq 2500	Fat4_counts.txt	Fat4_TPM.txt	1291270_1_1_200807_D00376_0519_ACE7UDANXX_L3.fq.gz
lung.Het.1291271	lung.Het.1291271	5152926	mouse	lung	Fat4.Het	total RNA	single	Illumina HiSeq 2500	Fat4_counts.txt	Fat4_TPM.txt	1291271_1_1_200807_D00376_0519_ACE7UDANXX_L4.fq.gz
lung.Het.1291272	lung.Het.1291272	5152831	mouse	lung	Fat4.Het	total RNA	single	Illumina HiSeq 2500	Fat4_counts.txt	Fat4_TPM.txt	1291272_1_1_200807_D00376_0519_ACE7UDANXX_L5.fq.gz
lung.WT.1291273	lung.WT.1291273	5152962	mouse	lung	Fat4.WT	total RNA	single	Illumina HiSeq 2500	Fat4_counts.txt	Fat4_TPM.txt	1291273_1_1_200807_D00376_0519_ACE7UDANXX_L6.fq.gz
lung.Het.1291274	lung.Het.1291274	5152835	mouse	lung	Fat4.Het	total RNA	single	Illumina HiSeq 2500	Fat4_counts.txt	Fat4_TPM.txt	1291274_1_1_200807_D00376_0519_ACE7UDANXX_L7.fq.gz
lung.WT.1291275	lung.WT.1291275	5152960	mouse	lung	Fat4.WT	total RNA	single	Illumina HiSeq 2500	Fat4_counts.txt	Fat4_TPM.txt	1291275_1_1_200807_D00376_0519_ACE7UDANXX_L8.fq.gz
lung.Het.1291276	lung.Het.1291276	5152809	mouse	lung	Fat4.Het	total RNA	single	Illumina HiSeq 2500	Fat4_counts.txt	Fat4_TPM.txt	1291276_1_1_200807_D00376_0519_ACE7UDANXX_L3.fq.gz
lung.Het.1291277	lung.Het.1291277	5152928	mouse	lung	Fat4.Het	total RNA	single	Illumina HiSeq 2500	Fat4_counts.txt	Fat4_TPM.txt	1291277_1_1_200807_D00376_0519_ACE7UDANXX_L4.fq.gz
lung.Het.1291278	lung.Het.1291278	5152816	mouse	lung	Fat4.Het	total RNA	single	Illumina HiSeq 2500	Fat4_counts.txt	Fat4_TPM.txt	1291278_1_1_200807_D00376_0519_ACE7UDANXX_L5.fq.gz
lung.WT.1291279	lung.WT.1291279	5152961	mouse	lung	Fat4.WT	total RNA	single	Illumina HiSeq 2500	Fat4_counts.txt	Fat4_TPM.txt	1291279_1_1_200807_D00376_0519_ACE7UDANXX_L6.fq.gz
lung.Het.1291280	lung.Het.1291280	5152932	mouse	lung	Fat4.Het	total RNA	single	Illumina HiSeq 2500	Fat4_counts.txt	Fat4_TPM.txt	1291280_1_1_200807_D00376_0519_ACE7UDANXX_L7.fq.gz
lung.Het.1291281	lung.Het.1291281	5152877	mouse	lung	Fat4.Het	total RNA	single	Illumina HiSeq 2500	Fat4_counts.txt	Fat4_TPM.txt	1291281_1_1_200807_D00376_0519_ACE7UDANXX_L8.fq.gz
lung.Het.1291282	lung.Het.1291282	5152863	mouse	lung	Fat4.Het	total RNA	single	Illumina HiSeq 2500	Fat4_counts.txt	Fat4_TPM.txt	1291282_1_1_200807_D00376_0519_ACE7UDANXX_L3.fq.gz
lung.WT.1291283	lung.WT.1291283	5152807	mouse	lung	Fat4.WT	total RNA	single	Illumina HiSeq 2500	Fat4_counts.txt	Fat4_TPM.txt	1291283_1_1_200807_D00376_0519_ACE7UDANXX_L4.fq.gz
lung.WT.1291284	lung.WT.1291284	5152833	mouse	lung	Fat4.WT	total RNA	single	Illumina HiSeq 2500	Fat4_counts.txt	Fat4_TPM.txt	1291284_1_1_200807_D00376_0519_ACE7UDANXX_L5.fq.gz
lung.WT.1291285	lung.WT.1291285	5152919	mouse	lung	Fat4.WT	total RNA	single	Illumina HiSeq 2500	Fat4_counts.txt	Fat4_TPM.txt	1291285_1_1_200807_D00376_0519_ACE7UDANXX_L6.fq.gz
lung.Het.1291286	lung.Het.1291286	5152910	mouse	lung	Fat4.Het	total RNA	single	Illumina HiSeq 2500	Fat4_counts.txt	Fat4_TPM.txt	1291286_1_1_200807_D00376_0519_ACE7UDANXX_L7.fq.gz
lung.WT.1291287	lung.WT.1291287	5152907	mouse	lung	Fat4.WT	total RNA	single	Illumina HiSeq 2500	Fat4_counts.txt	Fat4_TPM.txt	1291287_1_1_200807_D00376_0519_ACE7UDANXX_L8.fq.gz
lung.Het.1291288	lung.Het.1291288	5152933	mouse	lung	Fat4.Het	total RNA	single	Illumina HiSeq 2500	Fat4_counts.txt	Fat4_TPM.txt	1291288_1_1_200807_D00376_0519_ACE7UDANXX_L3.fq.gz
lung.Het.1291289	lung.Het.1291289	5152913	mouse	lung	Fat4.Het	total RNA	single	Illumina HiSeq 2500	Fat4_counts.txt	Fat4_TPM.txt	1291289_1_1_200807_D00376_0519_ACE7UDANXX_L4.fq.gz
lung.Het.1291290	lung.Het.1291290	5152899	mouse	lung	Fat4.Het	total RNA	single	Illumina HiSeq 2500	Fat4_counts.txt	Fat4_TPM.txt	1291290_1_1_200807_D00376_0519_ACE7UDANXX_L5.fq.gz
lung.Het.1291291	lung.Het.1291291	5152861	mouse	lung	Fat4.Het	total RNA	single	Illumina HiSeq 2500	Fat4_counts.txt	Fat4_TPM.txt	1291291_1_1_200807_D00376_0519_ACE7UDANXX_L6.fq.gz
lung.Het.1291292	lung.Het.1291292	5152819	mouse	lung	Fat4.Het	total RNA	single	Illumina HiSeq 2500	Fat4_counts.txt	Fat4_TPM.txt	1291292_1_1_200807_D00376_0519_ACE7UDANXX_L7.fq.gz
lung.Het.1291293	lung.Het.1291293	5152882	mouse	lung	Fat4.Het	total RNA	single	Illumina HiSeq 2500	Fat4_counts.txt	Fat4_TPM.txt	1291293_1_1_200807_D00376_0519_ACE7UDANXX_L8.fq.gz
lung.Het.1291294	lung.Het.1291294	5152927	mouse	lung	Fat4.Het	total RNA	single	Illumina HiSeq 2500	Fat4_counts.txt	Fat4_TPM.txt	1291294_1_1_200807_D00376_0519_ACE7UDANXX_L3.fq.gz
lung.WT.1291295	lung.WT.1291295	5152832	mouse	lung	Fat4.WT	total RNA	single	Illumina HiSeq 2500	Fat4_counts.txt	Fat4_TPM.txt	1291295_1_1_200807_D00376_0519_ACE7UDANXX_L4.fq.gz
lung.WT.1291296	lung.WT.1291296	5152884	mouse	lung	Fat4.WT	total RNA	single	Illumina HiSeq 2500	Fat4_counts.txt	Fat4_TPM.txt	1291296_1_1_200807_D00376_0519_ACE7UDANXX_L5.fq.gz
lung.WT.1291297	lung.WT.1291297	5152843	mouse	lung	Fat4.WT	total RNA	single	Illumina HiSeq 2500	Fat4_counts.txt	Fat4_TPM.txt	1291297_1_1_200807_D00376_0519_ACE7UDANXX_L6.fq.gz
lung.WT.1291298	lung.WT.1291298	5152879	mouse	lung	Fat4.WT	total RNA	single	Illumina HiSeq 2500	Fat4_counts.txt	Fat4_TPM.txt	1291298_1_1_200807_D00376_0519_ACE7UDANXX_L7.fq.gz
lung.Het.1291299	lung.Het.1291299	5152909	mouse	lung	Fat4.Het	total RNA	single	Illumina HiSeq 2500	Fat4_counts.txt	Fat4_TPM.txt	1291299_1_1_200807_D00376_0519_ACE7UDANXX_L8.fq.gz
lung.Het.1291300	lung.Het.1291300	5152897	mouse	lung	Fat4.Het	total RNA	single	Illumina HiSeq 2500	Fat4_counts.txt	Fat4_TPM.txt	1291300_1_1_200807_D00376_0519_ACE7UDANXX_L3.fq.gz
lung.WT.1291301	lung.WT.1291301	5152905	mouse	lung	Fat4.WT	total RNA	single	Illumina HiSeq 2500	Fat4_counts.txt	Fat4_TPM.txt	1291301_1_1_200807_D00376_0519_ACE7UDANXX_L4.fq.gz
lung.WT.1291302	lung.WT.1291302	5152842	mouse	lung	Fat4.WT	total RNA	single	Illumina HiSeq 2500	Fat4_counts.txt	Fat4_TPM.txt	1291302_1_1_200807_D00376_0519_ACE7UDANXX_L5.fq.gz
lung.WT.1291303	lung.WT.1291303	5152830	mouse	lung	Fat4.WT	total RNA	single	Illumina HiSeq 2500	Fat4_counts.txt	Fat4_TPM.txt	1291303_1_1_200807_D00376_0519_ACE7UDANXX_L6.fq.gz
lung.Het.1291304	lung.Het.1291304	5152931	mouse	lung	Fat4.Het	total RNA	single	Illumina HiSeq 2500	Fat4_counts.txt	Fat4_TPM.txt	1291304_1_1_200807_D00376_0519_ACE7UDANXX_L7.fq.gz
lung.Het.1291305	lung.Het.1291305	5152901	mouse	lung	Fat4.Het	total RNA	single	Illumina HiSeq 2500	Fat4_counts.txt	Fat4_TPM.txt	1291305_1_1_200807_D00376_0519_ACE7UDANXX_L8.fq.gz
lung.WT.1291306	lung.WT.1291306	5152806	mouse	lung	Fat4.WT	total RNA	single	Illumina HiSeq 2500	Fat4_counts.txt	Fat4_TPM.txt	1291306_1_1_200807_D00376_0519_ACE7UDANXX_L3.fq.gz
lung.Het.1291307	lung.Het.1291307	5152915	mouse	lung	Fat4.Het	total RNA	single	Illumina HiSeq 2500	Fat4_counts.txt	Fat4_TPM.txt	1291307_1_1_200807_D00376_0519_ACE7UDANXX_L4.fq.gz
lung.WT.1291308	lung.WT.1291308	5152908	mouse	lung	Fat4.WT	total RNA	single	Illumina HiSeq 2500	Fat4_counts.txt	Fat4_TPM.txt	1291308_1_1_200807_D00376_0519_ACE7UDANXX_L5.fq.gz
lung.WT.1291309	lung.WT.1291309	5152906	mouse	lung	Fat4.WT	total RNA	single	Illumina HiSeq 2500	Fat4_counts.txt	Fat4_TPM.txt	1291309_1_1_200807_D00376_0519_ACE7UDANXX_L6.fq.gz
lung.Het.1291310	lung.Het.1291310	5152840	mouse	lung	Fat4.Het	total RNA	single	Illumina HiSeq 2500	Fat4_counts.txt	Fat4_TPM.txt	1291310_1_1_200807_D00376_0519_ACE7UDANXX_L7.fq.gz
lung.WT.1291311	lung.WT.1291311	5152834	mouse	lung	Fat4.WT	total RNA	single	Illumina HiSeq 2500	Fat4_counts.txt	Fat4_TPM.txt	1291311_1_1_200807_D00376_0519_ACE7UDANXX_L8.fq.gz
lung.WT.1291312	lung.WT.1291312	5152912	mouse	lung	Fat4.WT	total RNA	single	Illumina HiSeq 2500	Fat4_counts.txt	Fat4_TPM.txt	1291312_1_1_200807_D00376_0519_ACE7UDANXX_L4.fq.gz
lung.WT.1291313	lung.WT.1291313	5152900	mouse	lung	Fat4.WT	total RNA	single	Illumina HiSeq 2500	Fat4_counts.txt	Fat4_TPM.txt	1291313_1_1_200807_D00376_0519_ACE7UDANXX_L3.fq.gz
lung.WT.1291314	lung.WT.1291314	5152916	mouse	lung	Fat4.WT	total RNA	single	Illumina HiSeq 2500	Fat4_counts.txt	Fat4_TPM.txt	1291314_1_1_200807_D00376_0519_ACE7UDANXX_L5.fq.gz
lung.WT.1291315	lung.WT.1291315	5152883	mouse	lung	Fat4.WT	total RNA	single	Illumina HiSeq 2500	Fat4_counts.txt	Fat4_TPM.txt	1291315_1_1_200807_D00376_0519_ACE7UDANXX_L6.fq.gz
lung.WT.1291316	lung.WT.1291316	5152914	mouse	lung	Fat4.WT	total RNA	single	Illumina HiSeq 2500	Fat4_counts.txt	Fat4_TPM.txt	1291316_1_1_200807_D00376_0519_ACE7UDANXX_L7.fq.gz
lung.WT.1291317	lung.WT.1291317	5152925	mouse	lung	Fat4.WT	total RNA	single	Illumina HiSeq 2500	Fat4_counts.txt	Fat4_TPM.txt	1291317_1_1_200807_D00376_0519_ACE7UDANXX_L8.fq.gz
lung.Het.1291318	lung.Het.1291318	5152885	mouse	lung	Fat4.Het	total RNA	single	Illumina HiSeq 2500	Fat4_counts.txt	Fat4_TPM.txt	1291318_1_1_200807_D00376_0519_ACE7UDANXX_L3.fq.gz
lung.WT.1291319	lung.WT.1291319	5152918	mouse	lung	Fat4.WT	total RNA	single	Illumina HiSeq 2500	Fat4_counts.txt	Fat4_TPM.txt	1291319_1_1_200807_D00376_0519_ACE7UDANXX_L4.fq.gz
lung.WT.1291320	lung.WT.1291320	5152881	mouse	lung	Fat4.WT	total RNA	single	Illumina HiSeq 2500	Fat4_counts.txt	Fat4_TPM.txt	1291320_1_1_200807_D00376_0519_ACE7UDANXX_L5.fq.gz
lung.Het.1291321	lung.Het.1291321	5152878	mouse	lung	Fat4.Het	total RNA	single	Illumina HiSeq 2500	Fat4_counts.txt	Fat4_TPM.txt	1291321_1_1_200807_D00376_0519_ACE7UDANXX_L6.fq.gz
lung.WT.1291322	lung.WT.1291322	5152917	mouse	lung	Fat4.WT	total RNA	single	Illumina HiSeq 2500	Fat4_counts.txt	Fat4_TPM.txt	1291322_1_1_200807_D00376_0519_ACE7UDANXX_L7.fq.gz
lung.Het.1291323	lung.Het.1291323	5152898	mouse	lung	Fat4.Het	total RNA	single	Illumina HiSeq 2500	Fat4_counts.txt	Fat4_TPM.txt	1291323_1_1_200807_D00376_0519_ACE7UDANXX_L8.fq.gz
heart.Het.1291324	heart.Het.1291324	5152831	mouse	heart	Fat4.Het	total RNA	single	Illumina HiSeq 2500	Fat4_counts.txt	Fat4_TPM.txt	1291324_1_1_200724_D00362_0476_BCE818ANXX_L4.fq.gz
heart.Het.1291325	heart.Het.1291325	5152835	mouse	heart	Fat4.Het	total RNA	single	Illumina HiSeq 2500	Fat4_counts.txt	Fat4_TPM.txt	1291325_1_1_200724_D00362_0476_BCE818ANXX_L2.fq.gz
heart.Het.1291326	heart.Het.1291326	5152863	mouse	heart	Fat4.Het	total RNA	single	Illumina HiSeq 2500	Fat4_counts.txt	Fat4_TPM.txt	1291326_1_1_200724_D00362_0476_BCE818ANXX_L4.fq.gz
kidney.WT.1291327	kidney.WT.1291327	5152807	mouse	kidney	Fat4.WT	total RNA	single	Illumina HiSeq 2500	Fat4_counts.txt	Fat4_TPM.txt	1291327_1_1_200724_D00362_0476_BCE818ANXX_L8.fq.gz
kidney.Het.1291328	kidney.Het.1291328	5152909	mouse	kidney	Fat4.Het	total RNA	single	Illumina HiSeq 2500	Fat4_counts.txt	Fat4_TPM.txt	1291328_1_1_200724_D00362_0476_BCE818ANXX_L5.fq.gz
kidney.Het.1291329	kidney.Het.1291329	5152882	mouse	kidney	Fat4.Het	total RNA	single	Illumina HiSeq 2500	Fat4_counts.txt	Fat4_TPM.txt	1291329_1_1_200724_D00362_0476_BCE818ANXX_L8.fq.gz
kidney.Het.1291330	kidney.Het.1291330	5152877	mouse	kidney	Fat4.Het	total RNA	single	Illumina HiSeq 2500	Fat4_counts.txt	Fat4_TPM.txt	1291330_1_1_200807_D00362_0477_ACE7W3ANXX_L1.fq.gz
kidney.WT.1291331	kidney.WT.1291331	5152862	mouse	kidney	Fat4.WT	total RNA	single	Illumina HiSeq 2500	Fat4_counts.txt	Fat4_TPM.txt	1291331_1_1_200807_D00362_0477_ACE7W3ANXX_L1.fq.gz
kidney.WT.1291332	kidney.WT.1291332	5152833	mouse	kidney	Fat4.WT	total RNA	single	Illumina HiSeq 2500	Fat4_counts.txt	Fat4_TPM.txt	1291332_1_1_200807_D00362_0477_ACE7W3ANXX_L1.fq.gz
kidney.Het.1291333	kidney.Het.1291333	5152835	mouse	kidney	Fat4.Het	total RNA	single	Illumina HiSeq 2500	Fat4_counts.txt	Fat4_TPM.txt	1291333_1_1_200724_D00362_0476_BCE818ANXX_L6.fq.gz
kidney.WT.1291334	kidney.WT.1291334	5152830	mouse	kidney	Fat4.WT	total RNA	single	Illumina HiSeq 2500	Fat4_counts.txt	Fat4_TPM.txt	1291334_1_1_200807_D00362_0477_ACE7W3ANXX_L1.fq.gz
kidney.Het.1291335	kidney.Het.1291335	5152809	mouse	kidney	Fat4.Het	total RNA	single	Illumina HiSeq 2500	Fat4_counts.txt	Fat4_TPM.txt	1291335_1_1_200724_D00362_0476_BCE818ANXX_L5.fq.gz
heart.WT.1291336	heart.WT.1291336	5152883	mouse	heart	Fat4.WT	total RNA	single	Illumina HiSeq 2500	Fat4_counts.txt	Fat4_TPM.txt	1291336_1_1_200724_D00362_0476_BCE818ANXX_L3.fq.gz
heart.Het.1291337	heart.Het.1291337	5152898	mouse	heart	Fat4.Het	total RNA	single	Illumina HiSeq 2500	Fat4_counts.txt	Fat4_TPM.txt	1291337_1_1_200724_D00362_0476_BCE818ANXX_L4.fq.gz
heart.WT.1291338	heart.WT.1291338	5152914	mouse	heart	Fat4.WT	total RNA	single	Illumina HiSeq 2500	Fat4_counts.txt	Fat4_TPM.txt	1291338_1_1_200724_D00362_0476_BCE818ANXX_L4.fq.gz
heart.WT.1291339	heart.WT.1291339	5152960	mouse	heart	Fat4.WT	total RNA	single	Illumina HiSeq 2500	Fat4_counts.txt	Fat4_TPM.txt	1291339_1_1_200724_D00362_0476_BCE818ANXX_L4.fq.gz
heart.WT.1291340	heart.WT.1291340	5152959	mouse	heart	Fat4.WT	total RNA	single	Illumina HiSeq 2500	Fat4_counts.txt	Fat4_TPM.txt	1291340_1_1_200724_D00362_0476_BCE818ANXX_L4.fq.gz
heart.WT.1291341	heart.WT.1291341	5152912	mouse	heart	Fat4.WT	total RNA	single	Illumina HiSeq 2500	Fat4_counts.txt	Fat4_TPM.txt	1291341_1_1_200724_D00362_0476_BCE818ANXX_L4.fq.gz
heart.WT.1291342	heart.WT.1291342	5152925	mouse	heart	Fat4.WT	total RNA	single	Illumina HiSeq 2500	Fat4_counts.txt	Fat4_TPM.txt	1291342_1_1_200724_D00362_0476_BCE818ANXX_L4.fq.gz
heart.Het.1291343	heart.Het.1291343	5152928	mouse	heart	Fat4.Het	total RNA	single	Illumina HiSeq 2500	Fat4_counts.txt	Fat4_TPM.txt	1291343_1_1_200724_D00362_0476_BCE818ANXX_L2.fq.gz
heart.WT.1291344	heart.WT.1291344	5152916	mouse	heart	Fat4.WT	total RNA	single	Illumina HiSeq 2500	Fat4_counts.txt	Fat4_TPM.txt	1291344_1_1_200724_D00362_0476_BCE818ANXX_L4.fq.gz
heart.WT.1291345	heart.WT.1291345	5152807	mouse	heart	Fat4.WT	total RNA	single	Illumina HiSeq 2500	Fat4_counts.txt	Fat4_TPM.txt	1291345_1_1_200724_D00362_0476_BCE818ANXX_L1.fq.gz
heart.Het.1291346	heart.Het.1291346	5152809	mouse	heart	Fat4.Het	total RNA	single	Illumina HiSeq 2500	Fat4_counts.txt	Fat4_TPM.txt	1291346_1_1_200724_D00362_0476_BCE818ANXX_L3.fq.gz
heart.WT.1291347	heart.WT.1291347	5152833	mouse	heart	Fat4.WT	total RNA	single	Illumina HiSeq 2500	Fat4_counts.txt	Fat4_TPM.txt	1291347_1_1_200724_D00362_0476_BCE818ANXX_L2.fq.gz
heart.WT.1291348	heart.WT.1291348	5152961	mouse	heart	Fat4.WT	total RNA	single	Illumina HiSeq 2500	Fat4_counts.txt	Fat4_TPM.txt	1291348_1_1_200724_D00362_0476_BCE818ANXX_L3.fq.gz
heart.WT.1291349	heart.WT.1291349	5152906	mouse	heart	Fat4.WT	total RNA	single	Illumina HiSeq 2500	Fat4_counts.txt	Fat4_TPM.txt	1291349_1_1_200724_D00362_0476_BCE818ANXX_L4.fq.gz
heart.WT.1291350	heart.WT.1291350	5152830	mouse	heart	Fat4.WT	total RNA	single	Illumina HiSeq 2500	Fat4_counts.txt	Fat4_TPM.txt	1291350_1_1_200724_D00362_0476_BCE818ANXX_L1.fq.gz
heart.Het.1291351	heart.Het.1291351	5152926	mouse	heart	Fat4.Het	total RNA	single	Illumina HiSeq 2500	Fat4_counts.txt	Fat4_TPM.txt	1291351_1_1_200724_D00362_0475_ACE7W5ANXX_L1.fq.gz
heart.Het.1291352	heart.Het.1291352	5152913	mouse	heart	Fat4.Het	total RNA	single	Illumina HiSeq 2500	Fat4_counts.txt	Fat4_TPM.txt	1291352_1_1_200724_D00362_0476_BCE818ANXX_L4.fq.gz
heart.Het.1291353	heart.Het.1291353	5152933	mouse	heart	Fat4.Het	total RNA	single	Illumina HiSeq 2500	Fat4_counts.txt	Fat4_TPM.txt	1291353_1_1_200724_D00362_0476_BCE818ANXX_L2.fq.gz
heart.WT.1291354	heart.WT.1291354	5152962	mouse	heart	Fat4.WT	total RNA	single	Illumina HiSeq 2500	Fat4_counts.txt	Fat4_TPM.txt	1291354_1_1_200724_D00362_0476_BCE818ANXX_L2.fq.gz
heart.Het.1291355	heart.Het.1291355	5152927	mouse	heart	Fat4.Het	total RNA	single	Illumina HiSeq 2500	Fat4_counts.txt	Fat4_TPM.txt	1291355_1_1_200724_D00362_0476_BCE818ANXX_L2.fq.gz
heart.Het.1291356	heart.Het.1291356	5152885	mouse	heart	Fat4.Het	total RNA	single	Illumina HiSeq 2500	Fat4_counts.txt	Fat4_TPM.txt	1291356_1_1_200724_D00362_0476_BCE818ANXX_L3.fq.gz
heart.WT.1291357	heart.WT.1291357	5152918	mouse	heart	Fat4.WT	total RNA	single	Illumina HiSeq 2500	Fat4_counts.txt	Fat4_TPM.txt	1291357_1_1_200724_D00362_0476_BCE818ANXX_L1.fq.gz
heart.Het.1291358	heart.Het.1291358	5152915	mouse	heart	Fat4.Het	total RNA	single	Illumina HiSeq 2500	Fat4_counts.txt	Fat4_TPM.txt	1291358_1_1_200724_D00362_0476_BCE818ANXX_L3.fq.gz
heart.WT.1291359	heart.WT.1291359	5152900	mouse	heart	Fat4.WT	total RNA	single	Illumina HiSeq 2500	Fat4_counts.txt	Fat4_TPM.txt	1291359_1_1_200724_D00362_0476_BCE818ANXX_L1.fq.gz
heart.WT.1291360	heart.WT.1291360	5152919	mouse	heart	Fat4.WT	total RNA	single	Illumina HiSeq 2500	Fat4_counts.txt	Fat4_TPM.txt	1291360_1_1_200724_D00362_0476_BCE818ANXX_L1.fq.gz
heart.WT.1291361	heart.WT.1291361	5152907	mouse	heart	Fat4.WT	total RNA	single	Illumina HiSeq 2500	Fat4_counts.txt	Fat4_TPM.txt	1291361_1_1_200724_D00362_0476_BCE818ANXX_L1.fq.gz
heart.Het.1291362	heart.Het.1291362	5152841	mouse	heart	Fat4.Het	total RNA	single	Illumina HiSeq 2500	Fat4_counts.txt	Fat4_TPM.txt	1291362_1_1_200724_D00362_0475_ACE7W5ANXX_L1.fq.gz
heart.WT.1291363	heart.WT.1291363	5152862	mouse	heart	Fat4.WT	total RNA	single	Illumina HiSeq 2500	Fat4_counts.txt	Fat4_TPM.txt	1291363_1_1_200724_D00362_0476_BCE818ANXX_L2.fq.gz
heart.Het.1291364	heart.Het.1291364	5152931	mouse	heart	Fat4.Het	total RNA	single	Illumina HiSeq 2500	Fat4_counts.txt	Fat4_TPM.txt	1291364_1_1_200724_D00362_0476_BCE818ANXX_L2.fq.gz
heart.WT.1291365	heart.WT.1291365	5152884	mouse	heart	Fat4.WT	total RNA	single	Illumina HiSeq 2500	Fat4_counts.txt	Fat4_TPM.txt	1291365_1_1_200724_D00362_0475_ACE7W5ANXX_L1.fq.gz
heart.WT.1291366	heart.WT.1291366	5152843	mouse	heart	Fat4.WT	total RNA	single	Illumina HiSeq 2500	Fat4_counts.txt	Fat4_TPM.txt	1291366_1_1_200724_D00362_0475_ACE7W5ANXX_L1.fq.gz
heart.Het.1291367	heart.Het.1291367	5152930	mouse	heart	Fat4.Het	total RNA	single	Illumina HiSeq 2500	Fat4_counts.txt	Fat4_TPM.txt	1291367_1_1_200724_D00362_0476_BCE818ANXX_L2.fq.gz
heart.WT.1291368	heart.WT.1291368	5152879	mouse	heart	Fat4.WT	total RNA	single	Illumina HiSeq 2500	Fat4_counts.txt	Fat4_TPM.txt	1291368_1_1_200724_D00362_0476_BCE818ANXX_L2.fq.gz
heart.Het.1291369	heart.Het.1291369	5152901	mouse	heart	Fat4.Het	total RNA	single	Illumina HiSeq 2500	Fat4_counts.txt	Fat4_TPM.txt	1291369_1_1_200724_D00362_0476_BCE818ANXX_L2.fq.gz
heart.Het.1291370	heart.Het.1291370	5152932	mouse	heart	Fat4.Het	total RNA	single	Illumina HiSeq 2500	Fat4_counts.txt	Fat4_TPM.txt	1291370_1_1_200724_D00362_0476_BCE818ANXX_L1.fq.gz
heart.Het.1291371	heart.Het.1291371	5152818	mouse	heart	Fat4.Het	total RNA	single	Illumina HiSeq 2500	Fat4_counts.txt	Fat4_TPM.txt	1291371_1_1_200724_D00362_0476_BCE818ANXX_L3.fq.gz
heart.WT.1291372	heart.WT.1291372	5152908	mouse	heart	Fat4.WT	total RNA	single	Illumina HiSeq 2500	Fat4_counts.txt	Fat4_TPM.txt	1291372_1_1_200724_D00362_0476_BCE818ANXX_L1.fq.gz
heart.Het.1291373	heart.Het.1291373	5152910	mouse	heart	Fat4.Het	total RNA	single	Illumina HiSeq 2500	Fat4_counts.txt	Fat4_TPM.txt	1291373_1_1_200724_D00362_0475_ACE7W5ANXX_L1.fq.gz
heart.Het.1291374	heart.Het.1291374	5152878	mouse	heart	Fat4.Het	total RNA	single	Illumina HiSeq 2500	Fat4_counts.txt	Fat4_TPM.txt	1291374_1_1_200724_D00362_0476_BCE818ANXX_L1.fq.gz
heart.Het.1291375	heart.Het.1291375	5152909	mouse	heart	Fat4.Het	total RNA	single	Illumina HiSeq 2500	Fat4_counts.txt	Fat4_TPM.txt	1291375_1_1_200724_D00362_0476_BCE818ANXX_L2.fq.gz
heart.WT.1291376	heart.WT.1291376	5152839	mouse	heart	Fat4.WT	total RNA	single	Illumina HiSeq 2500	Fat4_counts.txt	Fat4_TPM.txt	1291376_1_1_200724_D00362_0476_BCE818ANXX_L3.fq.gz
heart.Het.1291377	heart.Het.1291377	5152808	mouse	heart	Fat4.Het	total RNA	single	Illumina HiSeq 2500	Fat4_counts.txt	Fat4_TPM.txt	1291377_1_1_200724_D00362_0476_BCE818ANXX_L1.fq.gz
heart.Het.1291378	heart.Het.1291378	5152882	mouse	heart	Fat4.Het	total RNA	single	Illumina HiSeq 2500	Fat4_counts.txt	Fat4_TPM.txt	1291378_1_1_200724_D00362_0476_BCE818ANXX_L3.fq.gz
heart.Het.1291379	heart.Het.1291379	5152897	mouse	heart	Fat4.Het	total RNA	single	Illumina HiSeq 2500	Fat4_counts.txt	Fat4_TPM.txt	1291379_1_1_200724_D00362_0476_BCE818ANXX_L1.fq.gz
heart.WT.1291380	heart.WT.1291380	5152881	mouse	heart	Fat4.WT	total RNA	single	Illumina HiSeq 2500	Fat4_counts.txt	Fat4_TPM.txt	1291380_1_1_200724_D00362_0476_BCE818ANXX_L4.fq.gz
heart.Het.1291381	heart.Het.1291381	5152899	mouse	heart	Fat4.Het	total RNA	single	Illumina HiSeq 2500	Fat4_counts.txt	Fat4_TPM.txt	1291381_1_1_200724_D00362_0475_ACE7W5ANXX_L1.fq.gz
heart.WT.1291382	heart.WT.1291382	5152917	mouse	heart	Fat4.WT	total RNA	single	Illumina HiSeq 2500	Fat4_counts.txt	Fat4_TPM.txt	1291382_1_1_200724_D00362_0476_BCE818ANXX_L1.fq.gz
heart.Het.1291383	heart.Het.1291383	5152877	mouse	heart	Fat4.Het	total RNA	single	Illumina HiSeq 2500	Fat4_counts.txt	Fat4_TPM.txt	1291383_1_1_200724_D00362_0475_ACE7W5ANXX_L1.fq.gz
liver.WT.1291384	liver.WT.1291384	5152960	mouse	liver	Fat4.WT	total RNA	single	Illumina HiSeq 2500	Fat4_counts.txt	Fat4_TPM.txt	1291384_1_1_200807_D00362_0477_ACE7W3ANXX_L4.fq.gz
liver.WT.1291385	liver.WT.1291385	5152962	mouse	liver	Fat4.WT	total RNA	single	Illumina HiSeq 2500	Fat4_counts.txt	Fat4_TPM.txt	1291385_1_1_200807_D00362_0477_ACE7W3ANXX_L4.fq.gz
liver.WT.1291386	liver.WT.1291386	5152919	mouse	liver	Fat4.WT	total RNA	single	Illumina HiSeq 2500	Fat4_counts.txt	Fat4_TPM.txt	1291386_1_1_200807_D00362_0477_ACE7W3ANXX_L4.fq.gz
heart.WT.1291387	heart.WT.1291387	5152832	mouse	heart	Fat4.WT	total RNA	single	Illumina HiSeq 2500	Fat4_counts.txt	Fat4_TPM.txt	1291387_1_1_200724_D00362_0475_ACE7W5ANXX_L1.fq.gz
heart.Het.1291388	heart.Het.1291388	5152861	mouse	heart	Fat4.Het	total RNA	single	Illumina HiSeq 2500	Fat4_counts.txt	Fat4_TPM.txt	1291388_1_1_200724_D00362_0476_BCE818ANXX_L3.fq.gz
heart.WT.1291389	heart.WT.1291389	5152842	mouse	heart	Fat4.WT	total RNA	single	Illumina HiSeq 2500	Fat4_counts.txt	Fat4_TPM.txt	1291389_1_1_200724_D00362_0476_BCE818ANXX_L3.fq.gz
heart.Het.1291390	heart.Het.1291390	5152840	mouse	heart	Fat4.Het	total RNA	single	Illumina HiSeq 2500	Fat4_counts.txt	Fat4_TPM.txt	1291390_1_1_200724_D00362_0475_ACE7W5ANXX_L1.fq.gz
heart.Het.1291391	heart.Het.1291391	5152819	mouse	heart	Fat4.Het	total RNA	single	Illumina HiSeq 2500	Fat4_counts.txt	Fat4_TPM.txt	1291391_1_1_200724_D00362_0475_ACE7W5ANXX_L1.fq.gz
heart.WT.1291392	heart.WT.1291392	5152834	mouse	heart	Fat4.WT	total RNA	single	Illumina HiSeq 2500	Fat4_counts.txt	Fat4_TPM.txt	1291392_1_1_200724_D00362_0475_ACE7W5ANXX_L1.fq.gz
heart.WT.1291393	heart.WT.1291393	5152806	mouse	heart	Fat4.WT	total RNA	single	Illumina HiSeq 2500	Fat4_counts.txt	Fat4_TPM.txt	1291393_1_1_200724_D00362_0476_BCE818ANXX_L3.fq.gz
heart.Het.1291394	heart.Het.1291394	5152816	mouse	heart	Fat4.Het	total RNA	single	Illumina HiSeq 2500	Fat4_counts.txt	Fat4_TPM.txt	1291394_1_1_200724_D00362_0475_ACE7W5ANXX_L1.fq.gz
heart.WT.1291395	heart.WT.1291395	5152905	mouse	heart	Fat4.WT	total RNA	single	Illumina HiSeq 2500	Fat4_counts.txt	Fat4_TPM.txt	1291395_1_1_200724_D00362_0476_BCE818ANXX_L3.fq.gz
liver.WT.1291396	liver.WT.1291396	5152884	mouse	liver	Fat4.WT	total RNA	single	Illumina HiSeq 2500	Fat4_counts.txt	Fat4_TPM.txt	1291396_1_1_200807_D00362_0477_ACE7W3ANXX_L4.fq.gz
liver.WT.1291397	liver.WT.1291397	5152881	mouse	liver	Fat4.WT	total RNA	single	Illumina HiSeq 2500	Fat4_counts.txt	Fat4_TPM.txt	1291397_1_1_200807_D00362_0477_ACE7W3ANXX_L4.fq.gz
liver.WT.1291398	liver.WT.1291398	5152832	mouse	liver	Fat4.WT	total RNA	single	Illumina HiSeq 2500	Fat4_counts.txt	Fat4_TPM.txt	1291398_1_1_200807_D00362_0477_ACE7W3ANXX_L4.fq.gz
liver.Het.1291399	liver.Het.1291399	5152885	mouse	liver	Fat4.Het	total RNA	single	Illumina HiSeq 2500	Fat4_counts.txt	Fat4_TPM.txt	1291399_1_1_200807_D00362_0477_ACE7W3ANXX_L4.fq.gz
liver.Het.1291400	liver.Het.1291400	5152930	mouse	liver	Fat4.Het	total RNA	single	Illumina HiSeq 2500	Fat4_counts.txt	Fat4_TPM.txt	1291400_1_1_200807_D00362_0477_ACE7W3ANXX_L4.fq.gz
liver.WT.1291401	liver.WT.1291401	5152918	mouse	liver	Fat4.WT	total RNA	single	Illumina HiSeq 2500	Fat4_counts.txt	Fat4_TPM.txt	1291401_1_1_200807_D00362_0477_ACE7W3ANXX_L4.fq.gz
liver.WT.1291402	liver.WT.1291402	5152961	mouse	liver	Fat4.WT	total RNA	single	Illumina HiSeq 2500	Fat4_counts.txt	Fat4_TPM.txt	1291402_1_1_200807_D00362_0477_ACE7W3ANXX_L4.fq.gz
liver.WT.1291403	liver.WT.1291403	5152925	mouse	liver	Fat4.WT	total RNA	single	Illumina HiSeq 2500	Fat4_counts.txt	Fat4_TPM.txt	1291403_1_1_200807_D00362_0477_ACE7W3ANXX_L4.fq.gz
liver.Het.1291404	liver.Het.1291404	5152927	mouse	liver	Fat4.Het	total RNA	single	Illumina HiSeq 2500	Fat4_counts.txt	Fat4_TPM.txt	1291404_1_1_200807_D00362_0477_ACE7W3ANXX_L4.fq.gz
liver.Het.1291405	liver.Het.1291405	5152931	mouse	liver	Fat4.Het	total RNA	single	Illumina HiSeq 2500	Fat4_counts.txt	Fat4_TPM.txt	1291405_1_1_200807_D00362_0477_ACE7W3ANXX_L5.fq.gz
liver.Het.1291406	liver.Het.1291406	5152915	mouse	liver	Fat4.Het	total RNA	single	Illumina HiSeq 2500	Fat4_counts.txt	Fat4_TPM.txt	1291406_1_1_200807_D00362_0477_ACE7W3ANXX_L5.fq.gz
liver.Het.1291407	liver.Het.1291407	5152933	mouse	liver	Fat4.Het	total RNA	single	Illumina HiSeq 2500	Fat4_counts.txt	Fat4_TPM.txt	1291407_1_1_200807_D00362_0477_ACE7W3ANXX_L5.fq.gz
liver.Het.1291408	liver.Het.1291408	5152899	mouse	liver	Fat4.Het	total RNA	single	Illumina HiSeq 2500	Fat4_counts.txt	Fat4_TPM.txt	1291408_1_1_200807_D00362_0477_ACE7W3ANXX_L5.fq.gz
liver.WT.1291409	liver.WT.1291409	5152906	mouse	liver	Fat4.WT	total RNA	single	Illumina HiSeq 2500	Fat4_counts.txt	Fat4_TPM.txt	1291409_1_1_200807_D00362_0477_ACE7W3ANXX_L5.fq.gz
liver.WT.1291410	liver.WT.1291410	5152908	mouse	liver	Fat4.WT	total RNA	single	Illumina HiSeq 2500	Fat4_counts.txt	Fat4_TPM.txt	1291410_1_1_200807_D00362_0477_ACE7W3ANXX_L5.fq.gz
liver.WT.1291411	liver.WT.1291411	5152959	mouse	liver	Fat4.WT	total RNA	single	Illumina HiSeq 2500	Fat4_counts.txt	Fat4_TPM.txt	1291411_1_1_200807_D00362_0477_ACE7W3ANXX_L5.fq.gz
liver.WT.1291412	liver.WT.1291412	5152916	mouse	liver	Fat4.WT	total RNA	single	Illumina HiSeq 2500	Fat4_counts.txt	Fat4_TPM.txt	1291412_1_1_200807_D00362_0477_ACE7W3ANXX_L5.fq.gz
liver.Het.1291413	liver.Het.1291413	5152835	mouse	liver	Fat4.Het	total RNA	single	Illumina HiSeq 2500	Fat4_counts.txt	Fat4_TPM.txt	1291413_1_1_200807_D00362_0477_ACE7W3ANXX_L5.fq.gz
liver.WT.1291414	liver.WT.1291414	5152907	mouse	liver	Fat4.WT	total RNA	single	Illumina HiSeq 2500	Fat4_counts.txt	Fat4_TPM.txt	1291414_1_1_200807_D00362_0477_ACE7W3ANXX_L5.fq.gz
liver.Het.1291415	liver.Het.1291415	5152877	mouse	liver	Fat4.Het	total RNA	single	Illumina HiSeq 2500	Fat4_counts.txt	Fat4_TPM.txt	1291415_1_1_200807_D00362_0477_ACE7W3ANXX_L5.fq.gz
liver.Het.1291416	liver.Het.1291416	5152819	mouse	liver	Fat4.Het	total RNA	single	Illumina HiSeq 2500	Fat4_counts.txt	Fat4_TPM.txt	1291416_1_1_200807_D00362_0477_ACE7W3ANXX_L5.fq.gz
liver.WT.1291417	liver.WT.1291417	5152807	mouse	liver	Fat4.WT	total RNA	single	Illumina HiSeq 2500	Fat4_counts.txt	Fat4_TPM.txt	1291417_1_1_200807_D00362_0477_ACE7W3ANXX_L6.fq.gz
liver.WT.1291418	liver.WT.1291418	5152843	mouse	liver	Fat4.WT	total RNA	single	Illumina HiSeq 2500	Fat4_counts.txt	Fat4_TPM.txt	1291418_1_1_200807_D00362_0477_ACE7W3ANXX_L6.fq.gz
liver.Het.1291419	liver.Het.1291419	5152913	mouse	liver	Fat4.Het	total RNA	single	Illumina HiSeq 2500	Fat4_counts.txt	Fat4_TPM.txt	1291419_1_1_200807_D00362_0477_ACE7W3ANXX_L6.fq.gz
liver.WT.1291420	liver.WT.1291420	5152834	mouse	liver	Fat4.WT	total RNA	single	Illumina HiSeq 2500	Fat4_counts.txt	Fat4_TPM.txt	1291420_1_1_200807_D00362_0477_ACE7W3ANXX_L6.fq.gz
liver.Het.1291421	liver.Het.1291421	5152898	mouse	liver	Fat4.Het	total RNA	single	Illumina HiSeq 2500	Fat4_counts.txt	Fat4_TPM.txt	1291421_1_1_200807_D00362_0477_ACE7W3ANXX_L6.fq.gz
liver.Het.1291422	liver.Het.1291422	5152926	mouse	liver	Fat4.Het	total RNA	single	Illumina HiSeq 2500	Fat4_counts.txt	Fat4_TPM.txt	1291422_1_1_200807_D00362_0477_ACE7W3ANXX_L6.fq.gz
liver.Het.1291423	liver.Het.1291423	5152882	mouse	liver	Fat4.Het	total RNA	single	Illumina HiSeq 2500	Fat4_counts.txt	Fat4_TPM.txt	1291423_1_1_200807_D00362_0477_ACE7W3ANXX_L6.fq.gz
liver.Het.1291424	liver.Het.1291424	5152808	mouse	liver	Fat4.Het	total RNA	single	Illumina HiSeq 2500	Fat4_counts.txt	Fat4_TPM.txt	1291424_1_1_200807_D00362_0477_ACE7W3ANXX_L6.fq.gz
liver.Het.1291425	liver.Het.1291425	5152831	mouse	liver	Fat4.Het	total RNA	single	Illumina HiSeq 2500	Fat4_counts.txt	Fat4_TPM.txt	1291425_1_1_200807_D00362_0477_ACE7W3ANXX_L6.fq.gz
liver.Het.1291426	liver.Het.1291426	5152909	mouse	liver	Fat4.Het	total RNA	single	Illumina HiSeq 2500	Fat4_counts.txt	Fat4_TPM.txt	1291426_1_1_200807_D00362_0477_ACE7W3ANXX_L6.fq.gz
liver.Het.1291427	liver.Het.1291427	5152928	mouse	liver	Fat4.Het	total RNA	single	Illumina HiSeq 2500	Fat4_counts.txt	Fat4_TPM.txt	1291427_1_1_200807_D00362_0477_ACE7W3ANXX_L6.fq.gz
liver.WT.1291428	liver.WT.1291428	5152830	mouse	liver	Fat4.WT	total RNA	single	Illumina HiSeq 2500	Fat4_counts.txt	Fat4_TPM.txt	1291428_1_1_200807_D00362_0477_ACE7W3ANXX_L6.fq.gz
liver.WT.1291429	liver.WT.1291429	5152842	mouse	liver	Fat4.WT	total RNA	single	Illumina HiSeq 2500	Fat4_counts.txt	Fat4_TPM.txt	1291429_1_1_200807_D00362_0477_ACE7W3ANXX_L7.fq.gz
liver.WT.1291430	liver.WT.1291430	5152905	mouse	liver	Fat4.WT	total RNA	single	Illumina HiSeq 2500	Fat4_counts.txt	Fat4_TPM.txt	1291430_1_1_200807_D00362_0477_ACE7W3ANXX_L7.fq.gz
liver.WT.1291431	liver.WT.1291431	5152917	mouse	liver	Fat4.WT	total RNA	single	Illumina HiSeq 2500	Fat4_counts.txt	Fat4_TPM.txt	1291431_1_1_200807_D00362_0477_ACE7W3ANXX_L7.fq.gz
liver.WT.1291432	liver.WT.1291432	5152914	mouse	liver	Fat4.WT	total RNA	single	Illumina HiSeq 2500	Fat4_counts.txt	Fat4_TPM.txt	1291432_1_1_200807_D00362_0477_ACE7W3ANXX_L7.fq.gz
liver.Het.1291433	liver.Het.1291433	5152932	mouse	liver	Fat4.Het	total RNA	single	Illumina HiSeq 2500	Fat4_counts.txt	Fat4_TPM.txt	1291433_1_1_200807_D00362_0477_ACE7W3ANXX_L7.fq.gz
liver.WT.1291434	liver.WT.1291434	5152833	mouse	liver	Fat4.WT	total RNA	single	Illumina HiSeq 2500	Fat4_counts.txt	Fat4_TPM.txt	1291434_1_1_200807_D00362_0477_ACE7W3ANXX_L7.fq.gz
liver.WT.1291435	liver.WT.1291435	5152862	mouse	liver	Fat4.WT	total RNA	single	Illumina HiSeq 2500	Fat4_counts.txt	Fat4_TPM.txt	1291435_1_1_200807_D00362_0477_ACE7W3ANXX_L7.fq.gz
liver.Het.1291436	liver.Het.1291436	5152818	mouse	liver	Fat4.Het	total RNA	single	Illumina HiSeq 2500	Fat4_counts.txt	Fat4_TPM.txt	1291436_1_1_200807_D00362_0477_ACE7W3ANXX_L7.fq.gz
liver.Het.1291437	liver.Het.1291437	5152809	mouse	liver	Fat4.Het	total RNA	single	Illumina HiSeq 2500	Fat4_counts.txt	Fat4_TPM.txt	1291437_1_1_200807_D00362_0477_ACE7W3ANXX_L7.fq.gz
liver.Het.1291438	liver.Het.1291438	5152816	mouse	liver	Fat4.Het	total RNA	single	Illumina HiSeq 2500	Fat4_counts.txt	Fat4_TPM.txt	1291438_1_1_200807_D00362_0477_ACE7W3ANXX_L7.fq.gz
liver.Het.1291439	liver.Het.1291439	5152878	mouse	liver	Fat4.Het	total RNA	single	Illumina HiSeq 2500	Fat4_counts.txt	Fat4_TPM.txt	1291439_1_1_200807_D00362_0477_ACE7W3ANXX_L7.fq.gz
liver.WT.1291440	liver.WT.1291440	5152912	mouse	liver	Fat4.WT	total RNA	single	Illumina HiSeq 2500	Fat4_counts.txt	Fat4_TPM.txt	1291440_1_1_200807_D00362_0477_ACE7W3ANXX_L7.fq.gz
liver.Het.1291441	liver.Het.1291441	5152841	mouse	liver	Fat4.Het	total RNA	single	Illumina HiSeq 2500	Fat4_counts.txt	Fat4_TPM.txt	1291441_1_1_200807_D00362_0477_ACE7W3ANXX_L8.fq.gz
liver.Het.1291442	liver.Het.1291442	5152840	mouse	liver	Fat4.Het	total RNA	single	Illumina HiSeq 2500	Fat4_counts.txt	Fat4_TPM.txt	1291442_1_1_200807_D00362_0477_ACE7W3ANXX_L8.fq.gz
liver.Het.1291443	liver.Het.1291443	5152910	mouse	liver	Fat4.Het	total RNA	single	Illumina HiSeq 2500	Fat4_counts.txt	Fat4_TPM.txt	1291443_1_1_200807_D00362_0477_ACE7W3ANXX_L8.fq.gz
liver.Het.1291444	liver.Het.1291444	5152897	mouse	liver	Fat4.Het	total RNA	single	Illumina HiSeq 2500	Fat4_counts.txt	Fat4_TPM.txt	1291444_1_1_200807_D00362_0477_ACE7W3ANXX_L8.fq.gz
kidney.Het.1291445	kidney.Het.1291445	5152818	mouse	kidney	Fat4.Het	total RNA	single	Illumina HiSeq 2500	Fat4_counts.txt	Fat4_TPM.txt	1291445_1_1_200724_D00362_0476_BCE818ANXX_L8.fq.gz
liver.WT.1291446	liver.WT.1291446	5152806	mouse	liver	Fat4.WT	total RNA	single	Illumina HiSeq 2500	Fat4_counts.txt	Fat4_TPM.txt	1291446_1_1_200807_D00362_0477_ACE7W3ANXX_L8.fq.gz
liver.WT.1291447	liver.WT.1291447	5152879	mouse	liver	Fat4.WT	total RNA	single	Illumina HiSeq 2500	Fat4_counts.txt	Fat4_TPM.txt	1291447_1_1_200807_D00362_0477_ACE7W3ANXX_L8.fq.gz
liver.Het.1291448	liver.Het.1291448	5152861	mouse	liver	Fat4.Het	total RNA	single	Illumina HiSeq 2500	Fat4_counts.txt	Fat4_TPM.txt	1291448_1_1_200807_D00362_0477_ACE7W3ANXX_L8.fq.gz
liver.Het.1291449	liver.Het.1291449	5152863	mouse	liver	Fat4.Het	total RNA	single	Illumina HiSeq 2500	Fat4_counts.txt	Fat4_TPM.txt	1291449_1_1_200807_D00362_0477_ACE7W3ANXX_L8.fq.gz
liver.Het.1291450	liver.Het.1291450	5152901	mouse	liver	Fat4.Het	total RNA	single	Illumina HiSeq 2500	Fat4_counts.txt	Fat4_TPM.txt	1291450_1_1_200807_D00362_0477_ACE7W3ANXX_L8.fq.gz
liver.WT.1291451	liver.WT.1291451	5152839	mouse	liver	Fat4.WT	total RNA	single	Illumina HiSeq 2500	Fat4_counts.txt	Fat4_TPM.txt	1291451_1_1_200807_D00362_0477_ACE7W3ANXX_L8.fq.gz
liver.WT.1291452	liver.WT.1291452	5152900	mouse	liver	Fat4.WT	total RNA	single	Illumina HiSeq 2500	Fat4_counts.txt	Fat4_TPM.txt	1291452_1_1_200807_D00362_0477_ACE7W3ANXX_L8.fq.gz
liver.WT.1291453	liver.WT.1291453	5152883	mouse	liver	Fat4.WT	total RNA	single	Illumina HiSeq 2500	Fat4_counts.txt	Fat4_TPM.txt	1291453_1_1_200807_D00362_0477_ACE7W3ANXX_L8.fq.gz
